id,amount_paise,status,failure_reason,customer_ref,previous_successful_payments,previous_recovery_attempts,customer_tenure_days,previous_failed_payments,average_order_value,time_since_last_successful_payment_hours,time_since_last_recovery_attempt_hours,checkout_duration_seconds,payment_method,ground_truth_recoverable,ground_truth_outcome,ground_truth_recovered_amount,created_at
55f5b0d7-f040-4e1f-b647-9cd13839f3f2,256431,failed,network_error,cust_b7e681634ff5511b,0,0,13,1,237893,,,148,upi,True,recovered,256431,2026-07-27 13:21:13+00:00
3a305a14-fac9-4e43-9739-d541114d7590,594135,succeeded,,cust_8df7655259abee00,0,0,54,2,231899,,,71,card,False,not_recovered,0,2026-07-27 15:31:11+00:00
cd885b79-9b8c-44fd-a449-8ed1198da14a,1813375,succeeded,,cust_64444811a74551bc,0,0,41,0,24434,,,54,netbanking,False,not_recovered,0,2026-07-27 16:41:51+00:00
d3c2d507-1009-46f7-9d40-0f24f3e8e213,722162,failed,network_error,cust_6485e142b1368771,0,1,10,1,257752,,159,399,netbanking,True,recovered,722162,2026-07-27 17:45:49+00:00
28bd61e5-6af4-4db9-910b-bf1fa6fcf148,1557548,abandoned_checkout,customer_abandoned,cust_4a615a2384d5b5e7,0,0,2,2,79924,,,162,netbanking,True,recovered,1557548,2026-07-27 18:27:15+00:00
c814945c-4dc9-45b9-a4b3-314020706fbe,957626,succeeded,,cust_1e2b57cecf650e8c,0,0,39,0,43282,,,148,upi,False,not_recovered,0,2026-07-27 20:47:43+00:00
f68d7e21-1d1f-40ce-a6b5-0a97903e09f4,564652,succeeded,,cust_1ef7f63d4eb5f9d1,0,0,2,0,18506,,,132,netbanking,False,not_recovered,0,2026-07-27 22:09:46+00:00
4f00fa6b-25b1-407a-b8cf-7f0a2b8b4686,409672,abandoned_checkout,customer_abandoned,cust_d13ee4f01df5543c,0,2,38,2,178738,,130,453,upi,False,not_recovered,0,2026-07-27 22:28:16+00:00
a46e82c9-c473-4cad-919e-868b3e30686c,1719356,succeeded,,cust_126d9f3583ac4a5a,0,0,30,2,45396,,,115,card,False,not_recovered,0,2026-07-27 23:00:27+00:00
d7d8911c-d92b-4713-ae3c-a33ffcb602d8,1099820,failed,otp_timeout,cust_6bd2692f82b7095d,0,0,54,1,78302,,,118,card,True,recovered,1099820,2026-07-27 23:51:19+00:00
9aff36cf-5c7e-44c0-b996-b98d62de09cb,1907483,failed,otp_timeout,cust_a3e3bf51a5955233,0,0,18,2,93903,,,312,netbanking,True,recovered,1907483,2026-07-28 00:05:23+00:00
4dbc02b8-7db9-4d74-ba3d-28b7123c6942,1859471,failed,network_error,cust_846d151a17082680,0,0,49,2,237152,,,346,card,False,not_recovered,0,2026-07-28 00:19:32+00:00
5b87e186-6048-4ed2-87bd-f1ea51ae9d4c,1361867,succeeded,,cust_repeat_153,6,0,1048,0,710388,78,,82,netbanking,False,not_recovered,0,2026-07-28 00:52:45+00:00
f4cceaa2-9daf-4d7d-a6f0-7b43a6643211,1703767,succeeded,,cust_3ceb566379211628,0,0,12,1,145851,,,62,netbanking,False,not_recovered,0,2026-07-28 01:08:35+00:00
6e832b5b-b100-4626-b451-0982ec2e173a,979911,failed,card_declined,cust_repeat_118,3,0,63,1,316582,326,,312,card,True,recovered,979911,2026-07-28 03:03:53+00:00
a3567aca-5615-42e9-aacb-f0126aec13bf,1726570,succeeded,,cust_repeat_56,4,0,350,3,72837,338,,114,card,False,not_recovered,0,2026-07-28 03:10:09+00:00
0e985214-9fcd-47a2-8edc-541729ef9d03,846628,succeeded,,cust_cfb6448cf6e2dfaa,0,0,37,1,72007,,,63,card,False,not_recovered,0,2026-07-28 03:22:02+00:00
e9f83024-1eab-43e5-9c26-e743e4658327,222917,failed,network_error,cust_bdf698cf2fec5c29,0,0,13,0,217646,,,89,netbanking,True,recovered,222917,2026-07-28 03:35:19+00:00
2a9cc125-9210-4acd-90ad-8931613ff51a,522557,failed,network_error,cust_repeat_109,9,0,215,2,137856,47,,338,upi,True,recovered,522557,2026-07-28 03:49:43+00:00
4bfd7370-4d91-45e5-8a46-08cbff795e19,1785267,abandoned_checkout,customer_abandoned,cust_repeat_122,2,0,163,2,220045,443,,521,card,True,recovered,1785267,2026-07-28 07:44:30+00:00
0143b7ae-6b5a-4a0f-8858-26bcebb01533,1283552,failed,otp_timeout,cust_1a1f7482797175b1,0,0,48,2,98283,,,269,upi,True,recovered,1283552,2026-07-28 08:32:13+00:00
a6d0035f-7cce-4bd6-98ed-6c405ee3f3d9,1082682,failed,otp_timeout,cust_f2a34a8b7a77a92d,0,0,22,2,126832,,,198,netbanking,True,recovered,1082682,2026-07-28 08:53:38+00:00
de699f26-2112-49d5-a767-b59b7cc87ea9,857178,succeeded,,cust_e55c90ae53cddd60,0,0,14,2,82651,,,158,card,False,not_recovered,0,2026-07-28 09:27:09+00:00
8a81902d-73d4-43b9-8164-a23833a0c343,68881,failed,otp_timeout,cust_14b9f5751205fbf8,9,4,889,10,705719,170,86,347,card,False,not_recovered,0,2026-07-28 09:56:40+00:00
e11c4167-06f8-4ed2-8448-6897958b7ea5,204355,abandoned_checkout,customer_abandoned,cust_836b3586cabb5fe1,0,0,26,2,78891,,,199,upi,True,recovered,204355,2026-07-28 10:03:23+00:00
4b9295f7-bac8-4b04-a8d1-f7ab8ce6cd44,266793,failed,network_error,cust_repeat_68,6,0,345,1,627951,15,,247,upi,True,recovered,266793,2026-07-28 10:45:43+00:00
c78471e1-fa40-4db2-814b-db657b934fac,969929,failed,otp_timeout,cust_92e7ea6ef125863d,0,0,17,2,196842,,,366,netbanking,True,recovered,969929,2026-07-28 11:42:13+00:00
d9602afd-460e-4d9b-bee5-cc9979ec800d,1376754,succeeded,,cust_14b87206508317f4,0,0,48,2,45425,,,44,card,False,not_recovered,0,2026-07-28 11:55:30+00:00
255517f1-bc46-483c-84e3-50067d086939,441539,abandoned_checkout,customer_abandoned,cust_repeat_118,2,0,206,0,326326,335,,347,upi,False,not_recovered,0,2026-07-28 12:12:59+00:00
91ff2b3b-5ecc-4b75-9558-87b7d8279940,114652,failed,network_error,cust_942846d2971fb7cd,0,0,57,1,61452,,,153,upi,True,recovered,114652,2026-07-28 12:23:58+00:00
c021cbed-b6cc-4c2c-9bc4-a10677e47b0c,1083352,failed,otp_timeout,cust_44a87fd6dc5f32e3,0,0,23,1,121244,,,346,upi,False,not_recovered,0,2026-07-28 12:28:52+00:00
1ecbd8ff-7db3-4e97-aabf-3599daccc875,1196694,succeeded,,cust_d605c65ced732972,0,0,3,2,250539,,,116,card,False,not_recovered,0,2026-07-28 12:45:48+00:00
1bf67ada-7d98-4191-b824-e2f5ce5ca7a9,1614969,failed,insufficient_funds,cust_959c73b2533d8f58,0,0,24,2,161138,,,111,netbanking,True,recovered,1614969,2026-07-28 13:20:23+00:00
676b3f8e-782a-46b9-a65b-a52853c7f2c8,116536,succeeded,,cust_1fa9660bf476c0d1,0,0,55,0,146113,,,115,upi,False,not_recovered,0,2026-07-28 15:27:08+00:00
0bf6f560-62e7-4cdc-9a46-0e030b39c534,375071,abandoned_checkout,customer_abandoned,cust_repeat_196,6,0,858,0,740862,100,,521,card,True,recovered,375071,2026-07-28 15:50:44+00:00
e533743e-065c-439d-9da2-2be94160c391,1546654,failed,card_declined,cust_repeat_55,4,2,292,7,289960,280,143,70,netbanking,True,recovered,1546654,2026-07-28 16:03:37+00:00
ea2af0a2-361a-4e25-a9d8-766ea8ce8218,960558,failed,otp_timeout,cust_5e40c69a23574dae,0,0,55,1,79997,,,153,card,True,recovered,960558,2026-07-28 17:04:53+00:00
c52bde73-81e2-4b0b-8a7e-cdd873d5f970,367791,abandoned_checkout,customer_abandoned,cust_3153aa33b23139c1,0,0,12,0,204352,,,315,upi,True,recovered,367791,2026-07-28 18:12:54+00:00
674942d0-253a-476f-a034-cb84ca4934a5,1624540,succeeded,,cust_f4365dffd6722197,0,0,57,2,165733,,,91,card,False,not_recovered,0,2026-07-28 19:07:02+00:00
160747cb-3881-4e87-965b-1b7876bdc857,776914,succeeded,,cust_repeat_125,5,0,222,6,395727,16,,152,netbanking,False,not_recovered,0,2026-07-28 19:16:48+00:00
1aa406f9-3a0b-4e74-b747-5111e9627509,948126,failed,network_error,cust_ba2b2549c436a92b,0,0,51,2,269391,,,28,netbanking,True,recovered,948126,2026-07-28 20:13:27+00:00
321f8b80-8f31-4b17-be25-850c67d2a18e,707712,abandoned_checkout,customer_abandoned,cust_repeat_26,5,0,442,4,655166,97,,394,card,True,recovered,707712,2026-07-28 20:42:58+00:00
45c7c750-58f4-4c13-bbc7-ed980e81d66b,864942,abandoned_checkout,customer_abandoned,cust_49ca85f4901140c1,0,2,19,0,207651,,5,387,card,True,recovered,864942,2026-07-28 21:29:58+00:00
d4eb7044-59e0-4bc1-b9fb-6d7983caa828,161153,failed,otp_timeout,cust_d0e2adcd93c0a5eb,0,0,27,0,65502,,,144,upi,True,recovered,161153,2026-07-28 21:54:55+00:00
3abb193f-2830-43dc-aef2-aea2a018fba7,181855,abandoned_checkout,customer_abandoned,cust_repeat_33,9,0,636,3,101865,95,,598,upi,True,recovered,181855,2026-07-28 22:39:05+00:00
011eef6a-5417-431b-aa70-396375a679eb,312727,abandoned_checkout,customer_abandoned,cust_dd4c786a2eb2618c,0,0,38,2,30734,,,134,card,True,recovered,312727,2026-07-28 23:24:56+00:00
39387555-d48f-429b-a21a-0ea04bb355c3,1738184,failed,otp_timeout,cust_repeat_141,6,0,1180,5,235386,151,,270,upi,True,recovered,1738184,2026-07-29 00:48:47+00:00
1ca4b7a2-6941-473b-bd2d-7ac92b7b3b56,1307248,succeeded,,cust_repeat_173,9,0,820,3,211771,187,,135,card,False,not_recovered,0,2026-07-29 00:58:58+00:00
7216fb88-1dbe-4e21-84a0-491e852dd859,315434,succeeded,,cust_5970474100364e55,0,0,42,1,133624,,,115,card,False,not_recovered,0,2026-07-29 01:12:02+00:00
22568ace-acca-477e-be87-0a258b764554,1408400,failed,network_error,cust_repeat_28,2,0,197,0,237367,61,,232,card,True,recovered,1408400,2026-07-29 01:56:12+00:00
2d962188-1542-499f-9d72-e78de56d5446,720531,failed,card_declined,cust_c40c2993e4152260,0,1,33,0,152441,,61,351,card,False,not_recovered,0,2026-07-29 02:24:42+00:00
264cd4ef-08c0-417f-a066-e2cc0f1f86f6,303309,failed,otp_timeout,cust_bc76b710aad2b9e7,0,2,41,0,185275,,99,212,card,True,recovered,303309,2026-07-29 02:40:42+00:00
1ba81b59-e4f8-4a9f-a0f2-fe5b3aaef849,574309,failed,insufficient_funds,cust_0f4507898dcbe86e,0,0,43,1,282964,,,339,upi,True,recovered,574309,2026-07-29 03:01:24+00:00
085a80ef-e2f0-4728-b09d-eb5ad9fdcfdb,1267557,succeeded,,cust_bd22fc143b4f86ed,0,0,32,0,76880,,,155,upi,False,not_recovered,0,2026-07-29 04:19:23+00:00
6ecb06b1-82d2-4c8c-9b01-71bd92729a65,992402,succeeded,,cust_3deb0ed4fba7158b,0,0,3,0,51021,,,74,card,False,not_recovered,0,2026-07-29 06:14:45+00:00
42a5376b-5d7b-4497-bd03-3b0b1bf34a8c,837156,failed,card_declined,cust_repeat_10,4,0,234,6,15129,158,,195,card,True,recovered,837156,2026-07-29 07:25:16+00:00
6e2f0095-bca1-40c1-963c-f389ad784fd4,590239,failed,card_declined,cust_afeeb9f352846822,0,2,54,0,275907,,162,35,netbanking,True,recovered,590239,2026-07-29 09:31:55+00:00
d8c8fe55-2ebb-4867-a109-3aae103176b0,1888316,succeeded,,cust_repeat_89,5,0,507,2,72622,199,,54,upi,False,not_recovered,0,2026-07-29 10:02:06+00:00
12000694-934d-4f56-b213-a5fff178c664,872298,failed,card_declined,cust_6a9ac2873b669b72,0,1,55,0,36488,,9,286,upi,True,recovered,872298,2026-07-29 11:46:20+00:00
cb51d4a4-46ee-4848-9e00-6232be90491c,1310872,abandoned_checkout,customer_abandoned,cust_ec1f625dff7254ec,0,0,48,2,24846,,,531,upi,False,not_recovered,0,2026-07-29 12:00:28+00:00
93014fbd-59b4-4b50-9188-353d64f4c2a0,355852,failed,card_declined,cust_f2d461c3b1f31dc3,8,5,235,9,250952,111,118,49,upi,False,not_recovered,0,2026-07-29 12:42:06+00:00
faa300b3-2e6f-4b9b-b42c-5395a98b48c8,618571,failed,card_declined,cust_840587b09edb23d2,0,0,26,1,153636,,,24,netbanking,True,recovered,618571,2026-07-29 12:57:37+00:00
d769b548-8170-4844-ba95-43a0308eca6a,196561,succeeded,,cust_558e724d2cb0f21b,0,0,41,2,40933,,,53,card,False,not_recovered,0,2026-07-29 14:49:16+00:00
4b7dde9a-bd32-45d8-bb92-a3c100aaa7c3,1102728,succeeded,,cust_c882e07c301ee02e,0,0,60,1,126351,,,153,upi,False,not_recovered,0,2026-07-29 15:05:58+00:00
85e10614-a65c-41c4-8829-0a82a891f1e3,1099997,failed,insufficient_funds,cust_3c0ea497fe4941a9,0,0,44,2,74730,,,160,netbanking,False,not_recovered,0,2026-07-29 15:16:28+00:00
3be9db72-7126-4131-9488-a88e407369bf,1411684,failed,otp_timeout,cust_d5951dc2a80a3663,0,1,41,0,292229,,11,42,upi,False,not_recovered,0,2026-07-29 15:21:44+00:00
85bf7a4b-2343-432b-8553-5a3546b50456,1896947,succeeded,,cust_ab885cec64b95748,0,0,53,1,126495,,,79,netbanking,False,not_recovered,0,2026-07-29 16:52:45+00:00
044b451d-65d6-49cc-aae2-212070ae673c,1226359,failed,card_declined,cust_8fd56f06b8fe5d36,0,0,50,0,91273,,,111,netbanking,True,recovered,1226359,2026-07-29 17:40:31+00:00
3f99bd3e-b50d-4759-88ed-f8e01fa77a04,716391,failed,network_error,cust_fdd38c41bc402fb7,2,3,345,3,229167,233,26,289,upi,False,not_recovered,0,2026-07-29 17:43:20+00:00
d803d84c-e03a-4145-b3e0-f100194df842,1340831,succeeded,,cust_f90e9e80e6f4d3fb,0,0,21,1,240313,,,154,netbanking,False,not_recovered,0,2026-07-29 17:52:40+00:00
cb163f7e-2da6-44af-88e0-5af62b8b2692,1532084,failed,card_declined,cust_d13c9ed85ce74088,0,0,15,0,294585,,,171,upi,False,not_recovered,0,2026-07-29 18:38:26+00:00
30ac5dac-1b0f-470f-9221-f387e89becce,1958801,failed,card_declined,cust_f726ee3dc93dc346,0,0,18,1,35744,,,268,upi,False,not_recovered,0,2026-07-29 18:42:58+00:00
13065964-0538-4645-8eaa-9f1de37601be,650830,failed,network_error,cust_ba7ddc9a0144acc6,8,4,727,1,425205,49,122,75,upi,False,not_recovered,0,2026-07-29 20:28:01+00:00
726099eb-4cdc-44bc-95d7-103714712ec2,1096906,abandoned_checkout,customer_abandoned,cust_0b0c42557ba52cb0,0,2,34,1,244504,,27,331,upi,True,recovered,1096906,2026-07-29 20:33:50+00:00
bc82bbda-d236-4ae2-b0f0-d51e155325cf,1368188,failed,network_error,cust_repeat_36,3,0,114,0,430565,181,,324,netbanking,False,not_recovered,0,2026-07-29 20:49:33+00:00
a1258b17-536c-4a13-9891-a32cb97d0d88,1321686,succeeded,,cust_6dd1ab60698299a0,0,0,43,0,184736,,,117,upi,False,not_recovered,0,2026-07-29 21:09:31+00:00
ef77c4b0-c033-4687-81a8-89f374f7d9aa,1707605,failed,otp_timeout,cust_1d3ceacee11595fd,0,0,19,0,213990,,,269,card,True,recovered,1707605,2026-07-29 21:14:09+00:00
07756cd8-fb30-46b0-a831-249dae156fde,952690,succeeded,,cust_668fe9765d620361,0,0,57,0,12745,,,122,upi,False,not_recovered,0,2026-07-29 21:53:18+00:00
d075add0-a95c-4e79-a519-569e82e1a77f,240668,succeeded,,cust_dd803129c0266a50,0,0,10,1,101304,,,128,card,False,not_recovered,0,2026-07-29 23:20:33+00:00
14a5a38b-61cd-4ef3-b9b7-0725a9c1756e,1602913,abandoned_checkout,customer_abandoned,cust_434f7abe60cb481f,0,2,28,2,164515,,139,561,card,False,not_recovered,0,2026-07-29 23:44:41+00:00
7cf1447f-07a0-4d99-b548-62d0ab12c200,355201,abandoned_checkout,customer_abandoned,cust_2c093bab6e7186ed,0,0,7,0,287669,,,388,upi,True,recovered,355201,2026-07-30 01:09:43+00:00
fc4a4fd1-a968-4da4-90dd-2cf50aeafe77,1856815,failed,network_error,cust_d304ba3874aa4075,0,0,55,2,293904,,,229,upi,True,recovered,1856815,2026-07-30 02:24:15+00:00
b8a7f83d-2115-4c6a-becf-5be28592b814,305660,succeeded,,cust_d03c83088d12f381,0,0,53,2,133776,,,99,upi,False,not_recovered,0,2026-07-30 02:58:56+00:00
afcd3c7a-7035-4394-a2ac-659ebc5e518c,22694,succeeded,,cust_9b1ac66f1da323c3,0,2,34,0,241145,,94,119,upi,False,not_recovered,0,2026-07-30 03:04:11+00:00
75771085-e425-41ec-b086-de5a47cc09cb,1634323,succeeded,,cust_49bedf919fe48c8f,0,1,50,0,277352,,55,105,card,False,not_recovered,0,2026-07-30 04:09:01+00:00
7ee06e2b-837e-40c1-94b2-cb0ef124b44d,1913430,failed,card_declined,cust_59d817234e38dbb3,0,2,41,0,86066,,8,116,card,True,recovered,1913430,2026-07-30 04:11:40+00:00
4c4ab369-6bdf-401b-a905-566e1259fda4,1986148,failed,network_error,cust_e06802db1326d807,0,0,52,1,286661,,,341,upi,True,recovered,1986148,2026-07-30 05:15:15+00:00
e5079d13-b021-46d8-ace0-0514ebaea182,792879,succeeded,,cust_d4cd5f55f945ae1b,0,0,31,0,81583,,,79,upi,False,not_recovered,0,2026-07-30 05:42:35+00:00
3e008137-5be8-4b42-9698-824b48954794,1317114,failed,network_error,cust_4ebf9a8841a999a7,0,0,5,2,75198,,,305,card,True,recovered,1317114,2026-07-30 06:19:05+00:00
7df0a4f7-bb22-463c-bdc2-1b0e18b7025e,446176,failed,insufficient_funds,cust_d94efc4da5f4ec07,0,0,0,0,275194,,,267,upi,False,not_recovered,0,2026-07-30 06:20:36+00:00
cf44dccf-6c34-4032-8654-b68795df1dc3,1052564,failed,otp_timeout,cust_0d2241b8c8ea9a9f,0,0,31,2,212424,,,372,netbanking,True,recovered,1052564,2026-07-30 07:20:03+00:00
748a6dac-2731-4297-aaf6-b9e63de1b705,1987530,succeeded,,cust_83425ded302b2ac0,0,0,26,1,213318,,,51,netbanking,False,not_recovered,0,2026-07-30 08:05:34+00:00
6e237214-bae8-4a0f-b737-0277ab66d77a,245876,failed,insufficient_funds,cust_repeat_6,9,0,343,1,201756,107,,41,card,True,recovered,245876,2026-07-30 08:27:18+00:00
a3fefc52-2056-4b76-b80b-15ad5e23f19a,792262,failed,network_error,cust_fdd1b0920d1962f2,0,0,58,1,182820,,,368,upi,True,recovered,792262,2026-07-30 08:32:13+00:00
64ece122-61c7-4480-b079-a05bf603b8cd,1073834,failed,network_error,cust_c21e15cf356c130f,3,3,232,1,67311,205,166,303,card,False,not_recovered,0,2026-07-30 09:33:42+00:00
370f22e6-da01-44c9-a78e-ace71d75aaa1,1044431,failed,otp_timeout,cust_83b272a5a8e2a1d3,0,0,50,2,283309,,,182,card,True,recovered,1044431,2026-07-30 09:41:05+00:00
ff84a340-c617-4188-8cd4-b4e542c915f3,1840803,succeeded,,cust_dbf929a5a4c9ca07,0,0,16,0,134901,,,51,upi,False,not_recovered,0,2026-07-30 09:45:37+00:00
9cdc1bd3-7b49-407d-a520-f0f4c111ca20,478551,succeeded,,cust_f7e335440efbd0b3,0,0,30,1,27582,,,101,upi,False,not_recovered,0,2026-07-30 10:43:12+00:00
e24bdeac-83df-4466-8221-b5c05dad972e,1290952,succeeded,,cust_e10b34a71d630a6f,0,0,38,1,119153,,,73,netbanking,False,not_recovered,0,2026-07-30 11:52:37+00:00
ec6ffa8d-6adb-4218-a61a-4f07000d4ed3,273751,failed,insufficient_funds,cust_repeat_12,3,0,230,6,147547,451,,290,card,False,not_recovered,0,2026-07-30 12:27:14+00:00
1159a7d1-c85e-465a-9e96-3235ba8a58c4,168093,abandoned_checkout,customer_abandoned,cust_310275dff6c15c0c,0,0,59,1,248555,,,352,upi,True,recovered,168093,2026-07-30 12:28:59+00:00
610a94f0-84b6-41cf-b397-599406c2d3f7,773991,succeeded,,cust_e9e779f6bee9cd56,0,1,8,2,141073,,14,153,upi,False,not_recovered,0,2026-07-30 13:54:48+00:00
998e377d-e2b4-4166-bdad-593f3a1f89c6,78611,failed,card_declined,cust_e7b3bb1c863e2601,0,1,15,1,76020,,145,125,card,True,recovered,78611,2026-07-30 14:18:05+00:00
5e44cab8-1ecc-4ea8-9024-c32a24726933,937649,failed,otp_timeout,cust_c8b63ae1ae32cd9c,0,2,13,2,235278,,85,218,card,True,recovered,937649,2026-07-30 14:51:33+00:00
4e037771-361d-4170-8f7f-209ecb82cdd6,981734,failed,network_error,cust_f181b7382d3bd1f7,0,0,31,0,158959,,,365,netbanking,True,recovered,981734,2026-07-30 15:27:44+00:00
fd653980-751e-440f-8df0-6cfd31617f90,913678,failed,network_error,cust_repeat_93,7,0,294,4,121593,172,,26,netbanking,True,recovered,913678,2026-07-30 17:08:37+00:00
89d73037-5e6b-432d-b003-c40f0d096877,955839,abandoned_checkout,customer_abandoned,cust_f7053e6e67f12039,0,0,10,2,226914,,,220,card,False,not_recovered,0,2026-07-30 17:20:07+00:00
844c441e-a9f7-489f-8f81-1ca3e3630565,735994,failed,insufficient_funds,cust_repeat_167,2,0,275,3,211585,27,,390,netbanking,True,recovered,735994,2026-07-30 17:21:52+00:00
ca3d3f01-68a8-4f2f-8b62-82f2cfc9dedb,470872,succeeded,,cust_repeat_32,6,0,673,4,228915,24,,119,netbanking,False,not_recovered,0,2026-07-30 17:27:34+00:00
86e7185e-0ea3-49e8-8703-71493d70b2ba,1118900,abandoned_checkout,customer_abandoned,cust_aaf0d2628b968acc,0,0,5,0,47999,,,288,netbanking,True,recovered,1118900,2026-07-30 18:21:11+00:00
2d4a6b9b-3539-4ad7-8cfa-9a74ce7adf00,1708146,failed,network_error,cust_repeat_126,10,0,799,10,158231,38,,192,card,True,recovered,1708146,2026-07-30 18:53:53+00:00
e5453c44-8a62-40df-bfee-2bf14d159d29,1845392,succeeded,,cust_5010b65a6c630a1a,0,0,17,0,138068,,,165,card,False,not_recovered,0,2026-07-30 19:23:52+00:00
1c725d46-d2f2-47d6-bf4b-5f028e559298,269474,succeeded,,cust_repeat_20,5,1,463,0,346619,195,141,168,card,False,not_recovered,0,2026-07-30 20:26:34+00:00
a6132764-067e-4d10-a783-32d270e8c4d2,1996527,failed,network_error,cust_repeat_84,7,0,223,7,603698,44,,225,upi,True,recovered,1996527,2026-07-30 21:03:56+00:00
8b26b37c-5f46-47be-af0f-93ba9db8ae8a,266092,failed,card_declined,cust_5743b91272a6a1dd,0,0,11,2,213704,,,54,upi,True,recovered,266092,2026-07-30 21:41:18+00:00
a6291765-a044-41d7-b164-0659d272cf5e,471871,succeeded,,cust_repeat_34,5,0,762,6,223071,107,,68,upi,False,not_recovered,0,2026-07-30 22:38:01+00:00
f5fde1aa-a4f3-4754-b85a-6f018b8f9249,168843,failed,card_declined,cust_4285b2bd2fdba547,0,0,23,2,199546,,,86,netbanking,True,recovered,168843,2026-07-30 22:56:14+00:00
64a7cfcf-3ba6-44e1-8f63-b665e9271198,105872,failed,otp_timeout,cust_408d946a7c7fa8ff,0,1,10,1,194641,,44,91,netbanking,True,recovered,105872,2026-07-30 23:13:39+00:00
e4085d4b-8187-499f-8cd7-8e116a801501,802903,failed,insufficient_funds,cust_7f6290623cdd3d59,0,0,43,2,218202,,,336,netbanking,False,not_recovered,0,2026-07-31 00:23:59+00:00
98520a16-5b75-4671-90e2-fb97626b116a,1160029,failed,network_error,cust_b776c9fe0837003b,0,0,32,0,229745,,,31,card,True,recovered,1160029,2026-07-31 01:05:10+00:00
58e6d0ad-3ceb-4ab5-9b22-cf56d2879a83,907132,failed,card_declined,cust_e3d4d7bc34cce70b,0,1,31,1,118775,,118,70,card,True,recovered,907132,2026-07-31 01:38:45+00:00
32af6dce-f572-4740-988f-9f493bc6eeb7,1114762,succeeded,,cust_e6f5373d54c106e2,0,0,6,1,131574,,,49,upi,False,not_recovered,0,2026-07-31 02:49:39+00:00
7766f926-43df-4b5d-b58a-4a1ce5902218,1042987,succeeded,,cust_844bc57e47f55a63,0,1,14,0,130286,,121,43,card,False,not_recovered,0,2026-07-31 03:06:18+00:00
2a261b2b-9971-408b-97e1-19d90a7d9512,736512,abandoned_checkout,customer_abandoned,cust_b813c7e1b853e666,0,2,47,2,222915,,159,165,card,False,not_recovered,0,2026-07-31 03:09:01+00:00
ad18bf3b-81c3-4daa-82c4-4b184daaa493,709940,failed,network_error,cust_repeat_77,6,0,902,3,653375,36,,386,netbanking,True,recovered,709940,2026-07-31 03:12:46+00:00
e19f0c85-598f-464e-a4d0-09c66520088c,1415624,failed,network_error,cust_repeat_41,6,0,329,4,85046,177,,171,card,True,recovered,1415624,2026-07-31 05:29:20+00:00
4cf7e868-0866-4a2a-a302-3f850e3f27f6,1526828,failed,card_declined,cust_repeat_0,5,0,226,1,464278,89,,378,card,True,recovered,1526828,2026-07-31 05:29:56+00:00
c12403a0-5cc3-478f-97b7-3f5bd6d28e44,593882,abandoned_checkout,customer_abandoned,cust_833da16980dc2ff2,0,0,8,2,145629,,,102,netbanking,True,recovered,593882,2026-07-31 05:38:27+00:00
a85c6c0e-399b-4a72-82dd-9134d8e00c11,329711,failed,otp_timeout,cust_repeat_52,5,3,933,5,600333,39,57,134,netbanking,False,not_recovered,0,2026-07-31 05:45:22+00:00
15d58fb5-fbed-4cb2-a3fe-99a44423d449,1358101,succeeded,,cust_85edf963e60cc562,0,0,5,1,287679,,,53,upi,False,not_recovered,0,2026-07-31 05:49:35+00:00
a1338fff-a8a9-48e4-941d-fa74c1c6386f,540295,succeeded,,cust_8fe0a7c9878a9343,0,0,29,2,209381,,,73,card,False,not_recovered,0,2026-07-31 05:50:06+00:00
9997ffc3-7451-45df-ad1f-c5e1bb6d026c,773795,succeeded,,cust_524700aeb3b7495a,0,0,24,1,20339,,,31,netbanking,False,not_recovered,0,2026-07-31 07:15:35+00:00
f23656e3-0e22-44b0-9e0c-056f7d8250b5,1526429,abandoned_checkout,customer_abandoned,cust_repeat_193,3,0,382,0,114835,270,,160,upi,True,recovered,1526429,2026-07-31 07:58:59+00:00
568b230c-687c-4b28-b1ed-6b8b0c2eedd3,1130155,failed,card_declined,cust_8d939f7b9da6e95a,0,0,20,0,250840,,,247,upi,False,not_recovered,0,2026-07-31 08:45:19+00:00
e8548caa-dfb8-4810-a788-1cb4ae6852e1,577142,abandoned_checkout,customer_abandoned,cust_7630bba284d9a10b,0,2,46,0,156638,,46,322,card,False,not_recovered,0,2026-07-31 09:53:49+00:00
a107bf30-57fb-4d73-88f3-cc2679491f08,1604515,failed,otp_timeout,cust_repeat_123,2,0,248,3,462764,66,,173,netbanking,True,recovered,1604515,2026-07-31 10:07:10+00:00
7d6782f7-ca04-4955-96d8-d02beef00adf,1814482,succeeded,,cust_23c6e2070f6f4c1f,0,0,10,2,12132,,,54,upi,False,not_recovered,0,2026-07-31 11:09:32+00:00
83ef7142-fcea-424f-938e-aa26f2a77dbf,326559,failed,otp_timeout,cust_22bb7792c40d52ad,0,0,3,1,111194,,,33,netbanking,True,recovered,326559,2026-07-31 12:30:33+00:00
a3809e14-e238-46ba-917b-a074c518361c,659535,abandoned_checkout,customer_abandoned,cust_157a82a517187edd,0,0,15,0,228881,,,463,card,False,not_recovered,0,2026-07-31 14:05:25+00:00
a22c229e-9491-45fc-bdad-27830e32a11a,1133689,abandoned_checkout,customer_abandoned,cust_93110dca9977008d,0,0,14,0,174196,,,484,card,False,not_recovered,0,2026-07-31 14:12:56+00:00
1207b70c-6edb-4549-b286-41b4c66bf2eb,514046,failed,card_declined,cust_71ac3c890bef196a,0,0,5,2,60308,,,105,netbanking,True,recovered,514046,2026-07-31 14:46:13+00:00
106e247d-f71b-49fa-bfce-48ed2980fec2,1879792,failed,otp_timeout,cust_bbe3d2fd05849116,0,0,52,2,218401,,,273,netbanking,True,recovered,1879792,2026-07-31 15:37:40+00:00
a2ee3d69-0a57-4bcf-8b5a-a5f7bf6aa324,183242,abandoned_checkout,customer_abandoned,cust_4a9cae88cb65ba89,0,0,7,0,283034,,,159,netbanking,True,recovered,183242,2026-07-31 15:47:54+00:00
742f7e8b-3232-4db6-9ee7-ddb340193f6f,19595,failed,otp_timeout,cust_975d6897da1b09a1,0,0,46,1,26714,,,325,card,True,recovered,19595,2026-07-31 16:09:42+00:00
055ffddb-1766-4cf9-ac94-338c9034cf3f,608705,succeeded,,cust_repeat_116,9,0,402,0,149301,11,,172,card,False,not_recovered,0,2026-07-31 17:08:21+00:00
882bc11f-7ac8-488f-ac68-08d1fc49fed7,1714147,succeeded,,cust_repeat_101,8,1,624,3,28769,95,12,63,netbanking,False,not_recovered,0,2026-07-31 17:27:17+00:00
a2e649c5-dd7a-4a50-a7ce-69b9fa6b3326,367976,failed,otp_timeout,cust_fab431542ee2496e,0,0,29,0,17543,,,188,netbanking,False,not_recovered,0,2026-07-31 19:31:47+00:00
998d1845-bd78-4440-9874-03fdd56cac1a,1824118,succeeded,,cust_a2daf1e964371485,0,0,43,1,148971,,,135,netbanking,False,not_recovered,0,2026-07-31 20:27:43+00:00
e875b537-db5d-42e4-a16a-c2d0d3183c94,1979386,abandoned_checkout,customer_abandoned,cust_3dd67813842bc68a,0,1,55,0,227895,,55,470,card,True,recovered,1979386,2026-07-31 20:37:37+00:00
abbe0aa9-0d48-4663-bd25-70c820955049,1612328,failed,network_error,cust_cb557ab0b46f95f1,0,1,3,0,131961,,155,132,card,True,recovered,1612328,2026-07-31 22:38:35+00:00
798f1fc2-0d9f-4118-bcf6-82f552ebaa34,1576564,failed,network_error,cust_7fdb03cfdf3ffc46,0,0,59,1,133830,,,241,netbanking,True,recovered,1576564,2026-07-31 23:12:25+00:00
d59aa963-a34d-4e2a-a115-ddb34e6afc94,1537567,abandoned_checkout,customer_abandoned,cust_b325c7230b04451f,0,0,18,2,187476,,,425,card,False,not_recovered,0,2026-07-31 23:17:43+00:00
9e5090b6-33d0-439b-8947-c98ab2ef08e0,1685504,failed,network_error,cust_repeat_130,10,0,427,1,585185,142,,62,upi,True,recovered,1685504,2026-08-01 00:14:33+00:00
fb64d038-17e6-4b58-9308-1510e778f4a6,1955119,failed,insufficient_funds,cust_6d6286226e44609a,0,0,41,0,130171,,,21,netbanking,True,recovered,1955119,2026-08-01 00:43:49+00:00
04677df0-06d7-4fe0-90b9-558348d3edf3,1496128,failed,network_error,cust_d4e8a32c0be13b55,0,0,49,0,117534,,,123,upi,True,recovered,1496128,2026-08-01 04:11:23+00:00
903ce8d8-44e7-4d4b-bba5-e1f7c4620423,935465,failed,otp_timeout,cust_32d2553a17cabd21,0,0,50,0,168700,,,82,upi,True,recovered,935465,2026-08-01 04:50:07+00:00
6188bd06-50e2-4a5f-9d62-907806d6cc59,1053619,succeeded,,cust_9152bf4624a4856a,0,0,21,0,214618,,,38,card,False,not_recovered,0,2026-08-01 04:59:33+00:00
7e0e1920-714c-4938-a2f0-17646e472965,52828,failed,network_error,cust_repeat_178,8,2,234,10,523797,86,115,289,netbanking,True,recovered,52828,2026-08-01 05:24:39+00:00
d835db2c-b4e7-4dc6-9b2f-5e0fb72a6f67,237592,failed,card_declined,cust_repeat_18,4,1,85,6,242865,141,43,156,netbanking,True,recovered,237592,2026-08-01 05:51:04+00:00
0e907f35-3a64-43c9-840c-ee87941cbf95,1468395,abandoned_checkout,customer_abandoned,cust_4d1b0a7fcdd1334d,0,0,60,0,32103,,,257,card,False,not_recovered,0,2026-08-01 05:51:26+00:00
9598771b-e786-46a3-8624-41009baf6437,1350211,abandoned_checkout,customer_abandoned,cust_repeat_150,10,0,366,13,127309,161,,258,upi,False,not_recovered,0,2026-08-01 06:49:36+00:00
207865ee-739c-41f8-8031-95d48e71f1d2,466455,abandoned_checkout,customer_abandoned,cust_23f91a037650788b,0,0,1,1,268522,,,138,upi,True,recovered,466455,2026-08-01 07:02:36+00:00
823cbd60-0140-4025-861d-3a49d4350ada,1069596,failed,card_declined,cust_12928848c0f7f57d,0,1,45,0,195579,,149,208,card,True,recovered,1069596,2026-08-01 07:31:56+00:00
9607b298-a76b-4a9b-98b6-7eee9085f673,27376,failed,insufficient_funds,cust_0a0a13806690a131,0,0,24,1,126054,,,194,netbanking,True,recovered,27376,2026-08-01 08:14:17+00:00
22ad5a01-bee3-4bc1-b5e3-102ac3b0a036,1129670,failed,network_error,cust_baabdda76c8beec0,0,0,2,2,159150,,,325,card,False,not_recovered,0,2026-08-01 08:56:29+00:00
9141fdbe-f7b7-4254-b91f-c9c7caad4693,888901,failed,network_error,cust_c8e547387dc644f0,0,0,26,0,271933,,,88,netbanking,True,recovered,888901,2026-08-01 09:38:36+00:00
98987ba1-f2fd-439d-866e-b8af4aff0b05,1835678,failed,insufficient_funds,cust_3cb547a1f7ff7b43,0,0,38,2,284081,,,32,upi,True,recovered,1835678,2026-08-01 10:20:04+00:00
57909591-b3ad-43db-a566-a9a55ab0303d,1266637,succeeded,,cust_repeat_62,8,0,831,5,378077,23,,122,netbanking,False,not_recovered,0,2026-08-01 10:56:38+00:00
de68801e-46e4-48f6-8d27-4bdb1a346790,77592,succeeded,,cust_2e376bd54661b85a,0,0,18,2,161693,,,176,upi,False,not_recovered,0,2026-08-01 12:39:48+00:00
d33c04d8-7c95-41e7-a0c2-a0b6093c91d2,1020678,succeeded,,cust_46aa3868c4798105,0,2,48,1,127301,,1,31,netbanking,False,not_recovered,0,2026-08-01 13:15:54+00:00
c048b415-39be-40bd-acae-31bb0722604a,639359,succeeded,,cust_repeat_182,7,0,488,3,100951,157,,115,card,False,not_recovered,0,2026-08-01 17:10:46+00:00
c1916687-11d3-4a1d-b9ff-22bc73f36144,985363,failed,otp_timeout,cust_d29bf1f2ba695034,0,0,45,2,151352,,,50,card,True,recovered,985363,2026-08-01 18:22:54+00:00
bd36d96b-a186-4fd7-86ed-d638c61b5b45,1338837,failed,insufficient_funds,cust_e05cc750f3b92a37,0,0,52,0,65280,,,59,upi,True,recovered,1338837,2026-08-01 18:33:32+00:00
f17fd7dd-6a37-4477-b928-762f0669894c,253110,abandoned_checkout,customer_abandoned,cust_08b4fb5681f1bd77,0,0,23,1,197543,,,471,card,True,recovered,253110,2026-08-01 18:50:01+00:00
19ae06be-06ae-4c1f-ad18-d28347265644,1585700,succeeded,,cust_3e810bfb689b8520,0,0,19,2,95411,,,34,netbanking,False,not_recovered,0,2026-08-01 19:03:37+00:00
9a51cc0a-fbf0-44dc-93f1-3edd80199e51,1608962,succeeded,,cust_repeat_68,7,0,673,8,398964,147,,118,card,False,not_recovered,0,2026-08-01 19:14:37+00:00
aed0b4dd-3e36-46b3-80f9-3d43845926d5,1684510,failed,otp_timeout,cust_d7929da222725129,0,0,59,2,268395,,,25,upi,True,recovered,1684510,2026-08-01 19:20:32+00:00
f4049cbf-b387-4e91-bbad-0b8e654b93dc,1227458,abandoned_checkout,customer_abandoned,cust_15646bb7b16a50a0,0,0,20,1,33892,,,569,netbanking,False,not_recovered,0,2026-08-01 19:34:40+00:00
d0db9891-38b7-4a3b-b715-63b26f10300a,971297,succeeded,,cust_8799da4db1a69ff8,0,0,5,0,225613,,,33,card,False,not_recovered,0,2026-08-01 19:44:04+00:00
e92c7ee2-476b-4d0e-892b-445a313f4a13,814438,failed,network_error,cust_repeat_191,4,0,171,1,420104,428,,232,upi,True,recovered,814438,2026-08-01 20:26:34+00:00
b567274a-88ae-4f7c-a47b-5b1f516e2c7b,921768,succeeded,,cust_repeat_184,6,5,960,8,207330,130,28,106,netbanking,False,not_recovered,0,2026-08-01 20:31:48+00:00
224bfb60-acf8-445b-bd4d-00ed9dd9b444,527000,failed,card_declined,cust_884eb47d2f8d8a9b,0,0,39,2,195618,,,253,netbanking,True,recovered,527000,2026-08-01 21:12:58+00:00
ec2caa23-62ce-4a53-a542-89cc4f0c3d35,1170348,failed,otp_timeout,cust_repeat_196,6,0,850,6,747877,13,,62,netbanking,False,not_recovered,0,2026-08-01 22:17:30+00:00
bdb22056-6667-4e53-bd8b-ce0b047db316,1207435,failed,insufficient_funds,cust_39a18d2f7be96953,0,1,50,1,29605,,52,67,upi,False,not_recovered,0,2026-08-01 22:28:25+00:00
97cf3591-d04a-4adc-9e3d-0222ffc9b909,1023091,failed,insufficient_funds,cust_de128a07a3d7fbc4,0,2,57,2,38608,,3,349,card,False,not_recovered,0,2026-08-01 22:58:16+00:00
b33f56f7-bdbe-47f1-8df8-cba607c00613,1932782,failed,network_error,cust_repeat_55,7,2,681,5,283502,83,140,223,card,True,recovered,1932782,2026-08-02 00:48:53+00:00
22a98565-425f-4b39-88e1-500798537868,510234,succeeded,,cust_08abe7394dd548fe,0,0,0,1,115609,,,172,card,False,not_recovered,0,2026-08-02 02:45:40+00:00
f3c7e47c-2244-45ed-a116-16eccff4dc04,1005878,failed,insufficient_funds,cust_73eca7f1a9e6d304,0,2,55,2,24803,,130,247,card,False,not_recovered,0,2026-08-02 03:02:35+00:00
f6eb318c-db90-498b-b110-b607d4e362de,109247,failed,network_error,cust_447bde42fc2fefdf,0,0,28,2,204545,,,52,card,True,recovered,109247,2026-08-02 05:20:25+00:00
d6c2d417-dd2f-4c7f-b423-537f8192ae48,611629,succeeded,,cust_4fe020864d397931,0,0,26,0,249659,,,46,card,False,not_recovered,0,2026-08-02 05:39:25+00:00
ae21469f-4165-4513-be5d-a26411a9bd27,1481823,failed,otp_timeout,cust_575ec87a171ac826,0,0,56,2,174981,,,128,netbanking,False,not_recovered,0,2026-08-02 06:21:13+00:00
86a078b2-c56b-458f-8cb2-857bc47a9f59,302421,succeeded,,cust_857de1efc0946fdc,0,0,19,1,37162,,,168,netbanking,False,not_recovered,0,2026-08-02 06:22:56+00:00
29963e26-188e-48ef-a731-db591ad8b6cc,678695,failed,otp_timeout,cust_1bdf82647963b417,0,0,28,2,247902,,,78,card,True,recovered,678695,2026-08-02 06:43:51+00:00
a9fbee9e-4590-430c-a4c6-a35da83d8eb1,708998,failed,otp_timeout,cust_5adf9c1e2a8a3c0e,0,2,3,1,108347,,133,205,netbanking,False,not_recovered,0,2026-08-02 07:12:49+00:00
702d73df-2e14-4cde-997f-7b0f3096a1b0,995974,abandoned_checkout,customer_abandoned,cust_repeat_178,4,0,229,7,314779,191,,579,netbanking,True,recovered,995974,2026-08-02 07:48:43+00:00
a3511b19-89dc-4368-ad5e-57c386aef97c,370235,failed,card_declined,cust_36fb5e35bcd67d3a,0,0,29,0,67837,,,286,card,False,not_recovered,0,2026-08-02 10:19:57+00:00
acd34c4c-2002-48a2-83bd-ce69661be27e,1543469,succeeded,,cust_f964b238eea62409,0,2,37,0,178941,,74,92,upi,False,not_recovered,0,2026-08-02 10:38:45+00:00
020735c2-d95e-4cc9-80a4-da9a68c683b3,1473138,abandoned_checkout,customer_abandoned,cust_repeat_79,3,0,277,3,487021,388,,93,netbanking,True,recovered,1473138,2026-08-02 10:56:56+00:00
44d7d17a-e9c0-4940-aca2-3ce297f377a8,958147,succeeded,,cust_9a7d4a01b322d567,0,0,49,2,104026,,,76,card,False,not_recovered,0,2026-08-02 11:18:45+00:00
6e3d2c37-33c0-4e30-b0c0-80f36f3da795,505812,failed,card_declined,cust_0e94c11a02f3d98a,0,0,25,1,51820,,,304,upi,False,not_recovered,0,2026-08-02 12:39:35+00:00
c27f19ee-44dc-457a-b2e0-aea20e9d7a4a,96132,failed,otp_timeout,cust_edbbb6ba2144eea9,0,0,49,1,246991,,,341,upi,True,recovered,96132,2026-08-02 13:25:37+00:00
f526900a-747c-405b-a982-f96645106f76,920276,failed,network_error,cust_30264567437b5e2f,0,0,45,1,20372,,,227,upi,False,not_recovered,0,2026-08-02 13:36:14+00:00
4fcf4c58-72c0-4915-b57b-e5fff569b260,966369,failed,otp_timeout,cust_54311e40809f2359,0,0,6,1,242570,,,207,netbanking,True,recovered,966369,2026-08-02 15:02:00+00:00
7f3faa3b-c8f2-43b5-9737-2412fb288520,193690,succeeded,,cust_55fdd65f1846630c,0,0,58,0,274978,,,49,netbanking,False,not_recovered,0,2026-08-02 15:52:02+00:00
505f71b4-1c77-4193-a411-69875b547096,887476,succeeded,,cust_6469df596e8604e2,0,2,38,1,139415,,135,114,netbanking,False,not_recovered,0,2026-08-02 15:59:31+00:00
1b686c9a-f2c5-4b3e-a4e5-a5a7e29ad397,1759687,abandoned_checkout,customer_abandoned,cust_c44b8dd5dd217bcb,0,0,17,1,37161,,,379,card,True,recovered,1759687,2026-08-02 16:23:42+00:00
cd0bad03-58b2-4c23-8604-ae084f5a5811,1739156,failed,insufficient_funds,cust_ae97d64b4b9616a7,0,0,11,1,43588,,,200,card,False,not_recovered,0,2026-08-02 16:53:27+00:00
7d6b53ca-dccc-413d-a33d-37a02e3689ac,1002770,succeeded,,cust_eae99da9843f6534,0,0,57,1,180907,,,160,netbanking,False,not_recovered,0,2026-08-02 17:33:55+00:00
f9ba32eb-a5c7-40a8-8b6a-fd2907ba5bfa,600241,failed,otp_timeout,cust_2fb1d2e02ab28aeb,0,2,51,2,261893,,95,275,upi,True,recovered,600241,2026-08-02 18:10:19+00:00
b83e4170-4f48-4b4d-add8-61464979f567,801312,succeeded,,cust_repeat_61,5,0,212,7,73353,72,,50,netbanking,False,not_recovered,0,2026-08-02 19:12:18+00:00
f1b7faba-761b-47c4-9589-06ba07ce834b,564397,succeeded,,cust_6bcfe11a3885ccb2,10,3,565,4,253726,133,104,120,upi,False,not_recovered,0,2026-08-02 20:45:55+00:00
46fb5f74-a837-4787-9134-d72349ecfe99,1991322,failed,otp_timeout,cust_fa1d9aca5416d8a3,0,1,18,1,96818,,31,167,upi,True,recovered,1991322,2026-08-02 21:01:42+00:00
e03c8d0a-8076-4a59-b5ef-3ca46c957803,1943364,succeeded,,cust_f970f06e5a7e34df,0,0,18,0,52098,,,115,upi,False,not_recovered,0,2026-08-02 21:03:25+00:00
4e3cf7cb-f69a-4a19-8665-5b54642227ff,1082396,failed,otp_timeout,cust_d6d8f08caccf06c7,0,0,1,0,155911,,,297,card,False,not_recovered,0,2026-08-02 21:16:41+00:00
71463c4d-04ff-4684-9c98-df6b04382ccb,1629212,failed,insufficient_funds,cust_abe65ae7eba68804,0,0,41,0,225366,,,238,upi,False,not_recovered,0,2026-08-02 21:21:09+00:00
32520023-bebc-4482-a6df-c2c5b4402ed8,635912,failed,network_error,cust_bee31133a8ee7987,0,0,4,2,147581,,,375,netbanking,True,recovered,635912,2026-08-03 00:22:58+00:00
e41951a9-232a-42a5-9ea6-0f78e860aeb9,82201,failed,otp_timeout,cust_repeat_197,7,0,1036,2,400436,62,,59,netbanking,True,recovered,82201,2026-08-03 00:27:49+00:00
9f2f3293-b77f-407e-b009-a29ccf1da114,564060,succeeded,,cust_eaf8a309819e632b,0,0,1,1,188732,,,104,card,False,not_recovered,0,2026-08-03 00:30:31+00:00
e191fcd6-e900-43e8-bc0b-09c108c2c6cc,1058180,failed,card_declined,cust_5d207845f6c4e651,0,0,11,2,101981,,,349,card,False,not_recovered,0,2026-08-03 02:15:36+00:00
9dce8cff-5af0-4eb5-9a9e-864083a3c8af,1501718,abandoned_checkout,customer_abandoned,cust_44a4cef23d842a45,0,0,22,1,177413,,,566,upi,True,recovered,1501718,2026-08-03 03:15:30+00:00
d9f7aef6-d13e-4516-ae27-c7aaf1378be4,1628376,failed,card_declined,cust_e41b2e30e61e3bc8,0,0,30,2,288689,,,348,card,False,not_recovered,0,2026-08-03 03:24:53+00:00
89a0679b-50dd-4236-b07b-182c504a371e,1617936,failed,otp_timeout,cust_repeat_58,3,3,200,3,195987,479,44,314,upi,False,not_recovered,0,2026-08-03 03:50:38+00:00
5b336a0a-497b-4b0b-8425-4b0f752db8d8,1296132,abandoned_checkout,customer_abandoned,cust_79a4b6ee807fcedf,0,0,1,1,149008,,,213,card,True,recovered,1296132,2026-08-03 04:44:17+00:00
90aa1dcc-b1ff-441f-b2aa-080dbb34d21d,97608,failed,insufficient_funds,cust_77ea45c88420554a,0,0,46,0,149232,,,193,upi,False,not_recovered,0,2026-08-03 04:48:34+00:00
1a033ff2-b343-4321-bb6f-daa60e7b31ee,1316329,failed,otp_timeout,cust_repeat_173,7,0,471,5,465823,45,,146,upi,True,recovered,1316329,2026-08-03 05:15:32+00:00
41b0caf3-6df2-41ea-ad01-89bfaf1f57ec,859403,failed,card_declined,cust_repeat_158,7,1,560,3,707959,13,100,144,netbanking,False,not_recovered,0,2026-08-03 06:10:16+00:00
4dce143d-f273-4d8f-835e-512f7efb94b2,1303888,failed,insufficient_funds,cust_6cb506eb609a3b80,0,0,17,2,27578,,,351,upi,False,not_recovered,0,2026-08-03 06:14:01+00:00
24b7e511-6973-49a5-bc70-627edeb1198a,182690,failed,insufficient_funds,cust_4a34cc1dd3208070,0,0,36,2,104649,,,357,netbanking,True,recovered,182690,2026-08-03 07:37:46+00:00
5f4fded4-fdc7-40d3-892b-1f27559846ec,1895789,failed,otp_timeout,cust_repeat_84,6,0,853,0,120636,132,,90,card,True,recovered,1895789,2026-08-03 08:31:14+00:00
91c3fe0d-381b-4603-b819-19dbf9f6d9a2,149095,succeeded,,cust_repeat_106,10,0,317,7,652575,164,,30,upi,False,not_recovered,0,2026-08-03 09:08:11+00:00
6f1e8b33-6a62-46d7-8012-639fbd9c3e96,1283285,failed,insufficient_funds,cust_bb2489395a63d857,0,0,49,2,186341,,,359,netbanking,False,not_recovered,0,2026-08-03 09:34:22+00:00
63e9a431-2355-40b0-8e85-6b32c6753e8e,641548,succeeded,,cust_repeat_93,9,1,450,2,509796,104,53,170,upi,False,not_recovered,0,2026-08-03 09:39:12+00:00
b5085422-010a-47b9-8ba2-2b4df87fed77,153206,succeeded,,cust_81b29ee11b922ce1,0,0,58,1,108691,,,112,netbanking,False,not_recovered,0,2026-08-03 09:51:08+00:00
2d30db89-ac0d-4c0b-b30c-66912848ff8d,321611,succeeded,,cust_repeat_26,3,0,365,1,123777,49,,57,card,False,not_recovered,0,2026-08-03 10:05:28+00:00
08eeacae-f1a6-4982-bd10-6cef452eaa0a,787592,failed,card_declined,cust_a7bcc1ba30ec4038,0,0,48,2,140305,,,208,upi,True,recovered,787592,2026-08-03 10:21:10+00:00
f77f0b36-61fe-4694-b4f9-4f4bc6d2ae72,1129599,failed,otp_timeout,cust_b34ae695aa78d0e9,0,1,37,0,21783,,114,157,netbanking,True,recovered,1129599,2026-08-03 10:22:33+00:00
dc9cc5ef-8587-4f30-a678-c108ac07c325,115485,failed,insufficient_funds,cust_880fee9c51e4cd44,0,1,1,1,58270,,126,391,netbanking,False,not_recovered,0,2026-08-03 11:35:16+00:00
f07bba5c-b770-448f-a3ca-2aa1f3dd1319,1299588,abandoned_checkout,customer_abandoned,cust_repeat_0,7,1,1097,1,74724,36,131,510,upi,True,recovered,1299588,2026-08-03 14:26:33+00:00
f0025c35-eea1-4cfa-98f4-02018499f435,321739,abandoned_checkout,customer_abandoned,cust_5f7dcd8221a254e4,0,0,12,1,20082,,,496,upi,True,recovered,321739,2026-08-03 15:32:28+00:00
d75d964c-3af5-413c-a7d8-173596819d48,776875,failed,otp_timeout,cust_8fd0d0d8e48a5be6,0,0,35,1,254200,,,375,upi,True,recovered,776875,2026-08-03 17:15:25+00:00
982013e0-4dc5-41e3-bbf5-a270c995e4c7,185610,succeeded,,cust_cb335eb2f10787e8,0,0,46,0,91032,,,120,upi,False,not_recovered,0,2026-08-03 17:34:48+00:00
e50f9738-f2cb-496a-9064-f9957ccc6023,1218805,failed,otp_timeout,cust_df3fbed0596fbe77,0,2,58,2,187813,,155,386,netbanking,False,not_recovered,0,2026-08-03 18:11:46+00:00
145ba62b-ff0b-4526-a180-f192f47f22f4,1940273,failed,card_declined,cust_repeat_13,8,0,713,6,552771,18,,197,upi,False,not_recovered,0,2026-08-03 18:37:43+00:00
da215f94-e55c-4b95-95e5-e56f34b67623,211864,failed,insufficient_funds,cust_45163f631cf81b72,0,2,59,0,119438,,168,271,card,True,recovered,211864,2026-08-03 18:40:18+00:00
e6e1840b-46a7-4551-ab11-cb2a02681023,60924,succeeded,,cust_62697db7215ff33a,0,0,26,0,87110,,,179,card,False,not_recovered,0,2026-08-03 19:05:27+00:00
91a5e478-5335-4e87-89a0-2c558310c4ea,309849,succeeded,,cust_3940ec2e01d287db,0,0,30,2,90825,,,87,netbanking,False,not_recovered,0,2026-08-03 19:17:26+00:00
6f6e260c-3ed9-4e8c-8f51-af112f90ea8c,1483147,succeeded,,cust_repeat_131,8,5,1073,7,127763,94,44,40,upi,False,not_recovered,0,2026-08-03 19:30:37+00:00
57399151-1d62-4ddd-b5b0-0634bcca63ec,801042,failed,insufficient_funds,cust_repeat_67,4,0,329,2,458555,154,,22,upi,True,recovered,801042,2026-08-03 20:41:05+00:00
81af71b2-c749-4d21-a015-218b104bf883,1347384,failed,insufficient_funds,cust_5979ffcbf93739de,0,0,15,1,232751,,,79,card,True,recovered,1347384,2026-08-03 22:32:37+00:00
cf67e89c-bf73-4aec-9933-14ef145436f7,1707012,succeeded,,cust_f5c770180d235b09,0,1,44,1,131459,,16,131,upi,False,not_recovered,0,2026-08-03 22:54:19+00:00
be0814fc-01d8-41cf-bbaf-8fc346a8b088,958838,failed,network_error,cust_0d64b9720f95e0ee,0,2,55,0,222525,,48,209,netbanking,True,recovered,958838,2026-08-03 23:03:23+00:00
04b2cbaa-75fa-4e2f-a718-7e4e30fa9962,1022501,succeeded,,cust_664a8c6d1e9e19a0,0,0,37,1,42924,,,151,upi,False,not_recovered,0,2026-08-03 23:56:00+00:00
20f58f9c-38c0-41c1-9897-b59b7a3a3d5b,1443999,failed,network_error,cust_62c5b1ab65de4897,0,0,29,2,85278,,,222,netbanking,False,not_recovered,0,2026-08-04 02:28:07+00:00
a64676ec-685c-49f7-b7c8-ef9a7787e540,979590,succeeded,,cust_3f791ca5feb99cd7,0,0,42,1,181237,,,83,card,False,not_recovered,0,2026-08-04 02:33:44+00:00
4e1144ec-3800-49d2-9224-1f03eff0a539,347545,failed,network_error,cust_repeat_64,5,0,365,1,723571,146,,47,netbanking,True,recovered,347545,2026-08-04 02:35:14+00:00
5a5bc90c-8918-49c3-a115-0e89975929c1,738708,failed,otp_timeout,cust_6ec085d329a388ec,0,0,30,2,137545,,,193,upi,True,recovered,738708,2026-08-04 03:13:19+00:00
2e502427-de3f-453b-ab9a-77262440b064,147777,failed,card_declined,cust_2640e46328cab1d6,0,2,37,1,276645,,88,52,upi,True,recovered,147777,2026-08-04 06:14:38+00:00
4c47db9c-cbc7-43b4-b4e9-13d467a1ae48,657822,failed,otp_timeout,cust_7113f8c4f950a54a,0,0,43,2,298318,,,312,netbanking,False,not_recovered,0,2026-08-04 06:41:01+00:00
f949338b-67fb-4faf-a400-1b40007e33bd,1539992,succeeded,,cust_da828807db9e25f1,0,0,60,2,205432,,,94,netbanking,False,not_recovered,0,2026-08-04 07:08:19+00:00
3c5e7666-426b-4272-9734-891fc1c47378,117285,failed,otp_timeout,cust_92ce8343cbab46c1,0,1,2,0,81846,,86,262,netbanking,True,recovered,117285,2026-08-04 07:34:12+00:00
31e0a539-2e4d-4b99-9aef-e99a27e96ace,185570,succeeded,,cust_c5cc4068f200b74b,0,0,8,1,79556,,,171,netbanking,False,not_recovered,0,2026-08-04 08:52:44+00:00
31eb5db0-f274-42b6-acd8-83a2bcffebce,1378831,failed,card_declined,cust_6af7f853940851e7,0,1,16,1,68685,,95,352,netbanking,True,recovered,1378831,2026-08-04 09:29:09+00:00
4ef7a72d-0c0c-43e0-bdc1-a6feee931443,1457643,failed,card_declined,cust_repeat_75,7,0,406,9,249772,35,,264,card,True,recovered,1457643,2026-08-04 09:54:42+00:00
869a918c-0520-4efd-b08d-7c37ff07b9fa,1279200,failed,card_declined,cust_repeat_125,10,2,296,5,208435,89,155,384,card,True,recovered,1279200,2026-08-04 10:55:45+00:00
5bd4833f-062f-4131-8c90-9ccb703c0bff,795951,succeeded,,cust_1c16504175ca0ffb,0,0,40,0,222681,,,145,card,False,not_recovered,0,2026-08-04 11:59:29+00:00
9c0d1cf6-1aa1-43ed-9f3a-6216cdc69235,152002,failed,network_error,cust_8cca6f2bbf730b50,0,0,36,2,111997,,,53,netbanking,True,recovered,152002,2026-08-04 12:00:43+00:00
0c89127c-adeb-4e18-8cc4-9716a46fe042,1214730,failed,otp_timeout,cust_f84b95196c5fac8f,0,0,33,2,181863,,,51,netbanking,True,recovered,1214730,2026-08-04 12:04:21+00:00
6b606e4a-aa5f-44f8-b2a9-0e367b16dd5f,1178074,abandoned_checkout,customer_abandoned,cust_b85de88f13f650da,0,1,52,2,87378,,57,515,upi,False,not_recovered,0,2026-08-04 12:15:22+00:00
5e5c8c1f-3982-43a4-a213-abe6f4b150b7,1253081,failed,network_error,cust_repeat_87,2,0,73,3,117490,284,,41,upi,False,not_recovered,0,2026-08-04 12:15:35+00:00
0fad006c-4224-49ce-bfb2-6238392adf03,242289,failed,otp_timeout,cust_8f5caae26c9df8b3,0,0,47,2,172096,,,181,card,True,recovered,242289,2026-08-04 12:40:27+00:00
ef63edb3-7f7a-491d-9224-666199c4aaed,1834903,succeeded,,cust_744554908fa46b91,0,1,17,0,58375,,10,171,upi,False,not_recovered,0,2026-08-04 12:56:58+00:00
0c4ec123-8949-489a-99e8-6cf1b1b94460,761383,succeeded,,cust_9e8325916a427bc1,0,1,19,2,146402,,45,37,upi,False,not_recovered,0,2026-08-04 13:08:51+00:00
87c3927e-3626-422d-bc13-293975488500,1168504,succeeded,,cust_repeat_46,6,0,608,0,396032,77,,152,upi,False,not_recovered,0,2026-08-04 14:21:59+00:00
2cc85d5a-a21c-44f5-b49c-3085fb3f3952,460456,succeeded,,cust_88e07737c925c920,0,0,1,1,127517,,,72,upi,False,not_recovered,0,2026-08-04 14:38:24+00:00
1d0a24dd-5445-4146-8140-e755d11e5045,1497003,abandoned_checkout,customer_abandoned,cust_9218f3d9a8a89dbe,0,0,45,1,71885,,,311,netbanking,True,recovered,1497003,2026-08-04 15:28:31+00:00
82b3a6b8-79ad-40a7-af35-3529b746d399,940943,succeeded,,cust_bd812cb504e1427b,7,3,1152,6,614799,9,155,69,netbanking,False,not_recovered,0,2026-08-04 15:48:08+00:00
93405c4f-d8f5-4333-99f7-b29d7336f2f1,1229520,abandoned_checkout,customer_abandoned,cust_66f15807fb6b6364,0,0,16,2,189804,,,189,netbanking,False,not_recovered,0,2026-08-04 17:47:36+00:00
9dc936cf-8eee-48af-9518-b3d7c5245bd3,954339,succeeded,,cust_1bf07aa03d88adae,0,0,44,2,292396,,,50,netbanking,False,not_recovered,0,2026-08-04 18:54:05+00:00
70d75b3b-baa5-4346-81b1-aee4f9729e38,911314,succeeded,,cust_repeat_86,10,1,1008,0,304608,89,37,76,upi,False,not_recovered,0,2026-08-04 20:21:21+00:00
1ffbdaac-c970-4631-83ea-095b24970bf7,1537867,failed,insufficient_funds,cust_3f14390c7eb2a167,0,0,12,1,21821,,,62,netbanking,True,recovered,1537867,2026-08-04 21:00:14+00:00
f4c9b73c-3e85-4e24-a131-1e6b8409c002,1080479,succeeded,,cust_2c9e45adc225a7aa,0,0,18,2,150232,,,131,upi,False,not_recovered,0,2026-08-04 21:39:21+00:00
ce66b42b-3227-4afe-9581-c5d9ac357420,1707041,failed,card_declined,cust_c8ac586804fe2be7,0,2,40,2,227070,,136,189,card,False,not_recovered,0,2026-08-04 21:53:20+00:00
16530293-7086-42e4-bcae-2ee1da893052,1989816,succeeded,,cust_13afa9f6095f90c5,0,0,10,2,272864,,,113,card,False,not_recovered,0,2026-08-04 22:13:20+00:00
46114805-1037-4c00-97a7-3c34a3f4103e,280045,abandoned_checkout,customer_abandoned,cust_f1a92c1c268bc9e8,0,0,1,1,180166,,,587,upi,False,not_recovered,0,2026-08-04 22:54:33+00:00
1921ca49-3f6f-4362-85ce-0e8aa15ec339,413797,succeeded,,cust_e384583036ba8497,0,0,4,0,173251,,,116,netbanking,False,not_recovered,0,2026-08-04 23:06:47+00:00
36e84afa-b089-4d93-9e01-422b9ac6210c,1146653,failed,otp_timeout,cust_940075ca171a4833,0,0,48,1,98289,,,40,netbanking,True,recovered,1146653,2026-08-04 23:53:27+00:00
b57c3d50-c2af-43f3-a37c-1b7c4bbe7e57,1013936,failed,otp_timeout,cust_18f32cf21449273d,0,1,38,2,128325,,134,214,upi,True,recovered,1013936,2026-08-05 00:11:34+00:00
adf01c13-c06c-4374-b120-e9c99a379cfc,649652,failed,card_declined,cust_d84e486d21058a13,0,0,45,1,235761,,,360,upi,True,recovered,649652,2026-08-05 01:05:15+00:00
ab8c60df-c35f-4029-ab24-f68b99a13eec,136766,succeeded,,cust_repeat_66,10,0,441,9,198242,71,,108,card,False,not_recovered,0,2026-08-05 01:32:43+00:00
ec29ee82-4284-47a9-9943-1fa7bd4ef8c9,363157,failed,insufficient_funds,cust_2dd9d55b546f53e6,4,5,60,3,408171,117,50,152,upi,False,not_recovered,0,2026-08-05 02:30:43+00:00
68e13fd6-76f9-4236-bb80-80e2a02f0d56,686594,succeeded,,cust_repeat_166,8,1,386,11,724724,182,76,87,card,False,not_recovered,0,2026-08-05 03:57:01+00:00
eb46964d-0d83-46b3-ab38-57c5353971ec,1035720,abandoned_checkout,customer_abandoned,cust_669bb5bcbc525a19,0,1,4,1,166527,,128,433,card,False,not_recovered,0,2026-08-05 04:32:13+00:00
339165f8-fe11-4454-bd50-d69fcc0b2f0a,625550,failed,network_error,cust_repeat_104,8,0,656,7,389227,38,,265,card,True,recovered,625550,2026-08-05 05:54:16+00:00
679855bc-0223-47cb-8dc1-5ae3b24a9fe3,1195545,succeeded,,cust_86ffa7aef23d2c40,0,0,33,0,73689,,,72,card,False,not_recovered,0,2026-08-05 06:09:28+00:00
1e495d48-a680-4338-ad3c-d0fcfd4ca108,414038,failed,otp_timeout,cust_1d4c5ca5d7343c85,0,0,13,1,58892,,,67,card,True,recovered,414038,2026-08-05 06:22:04+00:00
f649fb98-669e-49ce-b1a3-d2193565e977,165919,succeeded,,cust_15a064c2957cac42,0,0,47,2,191329,,,43,card,False,not_recovered,0,2026-08-05 06:45:19+00:00
7eea4849-3e48-4bca-a5ee-957fdae9e960,1321169,failed,otp_timeout,cust_cd65f46cbd494402,0,0,1,2,85495,,,389,upi,True,recovered,1321169,2026-08-05 07:10:01+00:00
da81fb61-b5dd-46e9-8a4b-0cb9ea9ca723,938047,failed,otp_timeout,cust_repeat_157,8,0,734,0,304922,53,,364,upi,True,recovered,938047,2026-08-05 07:15:56+00:00
33fd6c1f-c235-43fa-a80f-91d3d9e8c300,619787,failed,card_declined,cust_1e4923d86859238f,0,0,56,1,162904,,,357,upi,False,not_recovered,0,2026-08-05 07:26:35+00:00
3ca1f626-ad17-4bb3-8fc1-1d4d1f11d4a0,99297,failed,insufficient_funds,cust_fef7aacc9c93d469,0,1,11,2,68611,,157,92,netbanking,False,not_recovered,0,2026-08-05 07:53:06+00:00
2620145e-08c6-4737-8984-db80a281db6f,1495910,succeeded,,cust_29c5dea33fd8a78d,0,0,50,1,176877,,,48,upi,False,not_recovered,0,2026-08-05 08:13:16+00:00
276775bf-90b0-413e-8aac-9898a7f3a668,406176,failed,network_error,cust_00e17f1dd751f178,0,0,17,2,91029,,,364,netbanking,True,recovered,406176,2026-08-05 08:57:44+00:00
a9a311b4-0821-4218-a4d4-c7c5556a3338,1377194,succeeded,,cust_repeat_144,6,0,522,3,254528,180,,72,netbanking,False,not_recovered,0,2026-08-05 09:57:43+00:00
32d39106-86b2-4344-ba4c-85afc361c1fb,295074,abandoned_checkout,customer_abandoned,cust_50beeff128e4c433,0,0,21,2,233767,,,470,upi,True,recovered,295074,2026-08-05 10:20:13+00:00
d9bc7a40-35cb-4501-80e3-a667c7b4c148,1402320,failed,insufficient_funds,cust_3bd7f2732b327c00,0,1,57,1,240738,,153,44,upi,True,recovered,1402320,2026-08-05 12:26:25+00:00
60f826b8-dc4c-4154-a157-b2aed15397d3,451738,failed,otp_timeout,cust_c8c12fb26b99aee0,0,1,39,0,97416,,160,200,netbanking,True,recovered,451738,2026-08-05 13:13:49+00:00
6d3402cc-26a4-425d-8d7d-40f17dbfaebb,1297448,abandoned_checkout,customer_abandoned,cust_c39c57c6a1b662b2,0,0,12,2,50492,,,261,upi,False,not_recovered,0,2026-08-05 13:52:47+00:00
b1326016-6489-4968-bfaf-220797918191,1642343,abandoned_checkout,customer_abandoned,cust_8faec8a6b7dbf8cc,0,0,38,2,273606,,,451,card,False,not_recovered,0,2026-08-05 13:57:21+00:00
e9f04f6c-fe74-42b7-a2ee-3a90b5366655,1890120,succeeded,,cust_40cf1954e227645a,0,2,50,1,78785,,87,104,upi,False,not_recovered,0,2026-08-05 13:57:49+00:00
4ba46be4-a2a0-4ef6-b824-5a5e68563ccf,1405852,abandoned_checkout,customer_abandoned,cust_b5b1cf89246ad5ac,0,0,9,2,219278,,,312,upi,False,not_recovered,0,2026-08-05 13:58:55+00:00
90b41856-5bee-440c-b17a-e526db344ce2,179583,failed,card_declined,cust_repeat_192,4,0,154,0,452678,300,,21,netbanking,False,not_recovered,0,2026-08-05 15:52:02+00:00
220c35a1-a2c9-4083-be4e-97fa0c76341d,1552278,failed,network_error,cust_7dbc1eb5b859437a,0,0,23,1,150695,,,44,card,True,recovered,1552278,2026-08-05 15:54:09+00:00
bd006bc3-57fd-4328-953e-b757d69aac5a,1635649,failed,otp_timeout,cust_d9be48153ef6a2dc,10,3,248,1,236211,56,160,260,card,False,not_recovered,0,2026-08-05 16:25:15+00:00
0aecfecd-7a2c-49bc-a4f7-0a9a4622ef1b,523439,failed,otp_timeout,cust_52135a9cea29bef1,0,0,6,0,261704,,,20,upi,True,recovered,523439,2026-08-05 16:39:01+00:00
cba160a4-d0f7-4ff1-a512-847da21fcefb,604498,failed,insufficient_funds,cust_1b5ec3f14f08b47b,0,0,10,1,81748,,,189,netbanking,False,not_recovered,0,2026-08-05 17:10:02+00:00
1a272efc-26ee-48fd-9b31-41ea279576c8,1602030,abandoned_checkout,customer_abandoned,cust_dac45b55503647b6,0,0,27,0,277362,,,586,upi,True,recovered,1602030,2026-08-05 18:23:59+00:00
2e5f92d4-db67-4427-a3e3-2b56d13a76ce,1437663,failed,otp_timeout,cust_f3d923c6da0f5a5b,0,2,6,0,213527,,156,57,upi,True,recovered,1437663,2026-08-05 18:24:08+00:00
3090f309-7f06-4924-999b-0e9dcae3cf3b,854500,succeeded,,cust_bc00ec45435436d5,0,0,35,1,147148,,,142,card,False,not_recovered,0,2026-08-05 18:54:12+00:00
a1639d46-533f-4cdf-a761-8a4df79913d7,1396822,failed,insufficient_funds,cust_7ca560d2a7f03485,0,0,18,2,144790,,,232,card,True,recovered,1396822,2026-08-05 19:09:02+00:00
bb84f929-445e-436e-857b-4ec588f2784d,514154,abandoned_checkout,customer_abandoned,cust_a55a5d88987dd332,0,0,50,1,126687,,,286,card,False,not_recovered,0,2026-08-05 19:34:28+00:00
62a00f8b-ca7d-449c-ad75-ba262ad57e9b,262699,failed,network_error,cust_6c5e8dcd42b274f0,0,0,3,0,149462,,,226,upi,True,recovered,262699,2026-08-05 20:10:58+00:00
fcd80c58-b35a-4130-97d9-de2582a4f5f8,1582973,succeeded,,cust_21eee14798bd98df,0,0,51,2,163849,,,36,card,False,not_recovered,0,2026-08-05 22:52:06+00:00
adbbc6fe-0e87-4a1d-b95f-df1928893f1c,1370261,succeeded,,cust_repeat_160,10,1,268,3,335535,198,119,67,upi,False,not_recovered,0,2026-08-06 00:28:31+00:00
e663e3cc-ce17-4071-90b2-05b6cf624cc7,714914,succeeded,,cust_5e40c02d4e518ca6,0,0,20,1,186947,,,127,upi,False,not_recovered,0,2026-08-06 00:50:29+00:00
b44901f0-eeda-4c64-8355-f75070f87a4a,733405,succeeded,,cust_b3c14333a25dc9d8,0,0,35,1,234374,,,161,netbanking,False,not_recovered,0,2026-08-06 01:08:56+00:00
93239527-8aa5-455a-bb4e-93cda125773a,929752,succeeded,,cust_4bd0b636914cda15,0,0,12,2,261288,,,98,card,False,not_recovered,0,2026-08-06 01:23:19+00:00
2c8c6614-5a27-47f9-a40d-438a64de1222,1348035,succeeded,,cust_4e05a4b8331bbd59,0,0,9,0,231679,,,134,upi,False,not_recovered,0,2026-08-06 01:38:18+00:00
1d973992-e918-46d6-a8be-2a9a0418816c,678858,failed,network_error,cust_bfb90850dd19b4d0,0,0,4,1,35412,,,218,upi,True,recovered,678858,2026-08-06 02:13:25+00:00
aedf4852-107b-4d82-b4f9-30e1337eeb7e,1852318,succeeded,,cust_a36740ce61490f92,0,0,53,2,115663,,,116,netbanking,False,not_recovered,0,2026-08-06 03:07:20+00:00
3950e81b-8675-4c93-861c-8ddf5a7f739d,435774,succeeded,,cust_4df6a909ecbe3dd4,0,1,12,0,87468,,94,45,netbanking,False,not_recovered,0,2026-08-06 05:11:50+00:00
5109d0d4-ae61-4931-8191-08ae3b328631,1057758,failed,network_error,cust_5833701071fbc451,0,1,51,2,229870,,58,184,card,True,recovered,1057758,2026-08-06 07:01:34+00:00
93cda1b3-a0fc-4191-98b6-9e7382d90906,1583283,failed,insufficient_funds,cust_repeat_48,2,0,222,2,328784,194,,353,netbanking,False,not_recovered,0,2026-08-06 08:17:41+00:00
b9b902a6-10b2-4c9e-96fb-9c145f1562e6,686276,failed,otp_timeout,cust_fb358fd8001cead4,0,0,43,1,40141,,,202,card,True,recovered,686276,2026-08-06 08:48:45+00:00
741fe207-2978-4682-8327-c696499daf64,1863568,succeeded,,cust_c19fc214db892186,0,0,29,1,27364,,,72,netbanking,False,not_recovered,0,2026-08-06 09:08:48+00:00
67cdef0a-4be7-43e1-91a2-a26ada08e074,881630,failed,insufficient_funds,cust_869fc6d2c2fec9a1,0,0,18,2,109117,,,61,netbanking,True,recovered,881630,2026-08-06 09:21:10+00:00
6fd1da11-fa9b-4c26-9150-d53386cb5457,104930,succeeded,,cust_26233390a275a3e0,0,2,19,1,246158,,10,158,upi,False,not_recovered,0,2026-08-06 09:34:23+00:00
9c00e1bf-fee5-4295-be2a-f1cf27193276,1661663,succeeded,,cust_0240f3c6364f2373,0,2,34,2,260544,,155,62,card,False,not_recovered,0,2026-08-06 10:27:10+00:00
3ced2513-0df7-4f55-818f-1d66854812a4,698260,succeeded,,cust_f6837530e4153f1f,0,2,19,1,281881,,90,79,upi,False,not_recovered,0,2026-08-06 11:03:18+00:00
a3f1164a-fc40-4c1b-9537-bcd081514d17,211515,failed,card_declined,cust_7a1abf7af7d02347,0,0,55,1,33004,,,124,upi,True,recovered,211515,2026-08-06 11:33:58+00:00
1cbcebf8-b005-43cd-a40f-82bc7253f1e2,1125752,failed,otp_timeout,cust_6209e280ff250d21,0,0,53,1,148517,,,221,upi,True,recovered,1125752,2026-08-06 11:37:59+00:00
49a2f513-a732-4c0b-b3cd-2b9459e3b694,605958,succeeded,,cust_501bafe8e45ed9bf,0,2,14,2,56952,,114,108,upi,False,not_recovered,0,2026-08-06 11:44:52+00:00
b19175c8-e5a4-49ee-ace5-ae238fd53543,245161,succeeded,,cust_79fb972c9b8e11f5,0,0,17,2,234659,,,85,upi,False,not_recovered,0,2026-08-06 13:02:40+00:00
b68bffcc-5fc0-4e9b-89e6-5caa6e0c2158,1469480,failed,insufficient_funds,cust_92ba3fac6e6a665f,2,3,288,1,421417,441,152,329,upi,False,not_recovered,0,2026-08-06 16:10:43+00:00
8e76e46e-acf5-40f1-b3eb-d25f9a08a9ae,147005,failed,card_declined,cust_repeat_78,3,2,363,5,475412,273,63,362,card,False,not_recovered,0,2026-08-06 16:42:50+00:00
35700720-dbc0-4600-8412-c6ccba45448a,1401165,failed,network_error,cust_repeat_63,6,0,678,1,464509,180,,200,upi,True,recovered,1401165,2026-08-06 17:21:48+00:00
79ff0a68-4745-442a-b2ff-c01f930a3a7b,1523292,abandoned_checkout,customer_abandoned,cust_d368971bf6d8581c,0,0,43,0,159376,,,339,card,True,recovered,1523292,2026-08-06 17:35:52+00:00
e197579b-54fb-4b97-841f-5be8bc56ae2b,1262009,succeeded,,cust_c381aed2f0d70837,0,0,41,2,75835,,,107,netbanking,False,not_recovered,0,2026-08-06 18:06:24+00:00
edc712f8-c0ef-420c-8c5a-f0ebc39c9ac9,1039469,succeeded,,cust_2c51c7e17bab3a3c,9,3,951,6,100623,112,106,68,netbanking,False,not_recovered,0,2026-08-06 19:07:41+00:00
10d3a09a-fbd9-48ea-8f52-6eb80cde4a2a,311406,abandoned_checkout,customer_abandoned,cust_bc5aaef02f3bfe59,0,0,38,1,76791,,,580,card,False,not_recovered,0,2026-08-06 19:20:30+00:00
3edb0967-1978-43dc-b332-7dea845304c5,603910,abandoned_checkout,customer_abandoned,cust_76679da216961492,0,0,2,0,71608,,,492,card,False,not_recovered,0,2026-08-06 19:27:23+00:00
b639d567-e97e-4182-8608-11efd441fc5f,29434,abandoned_checkout,customer_abandoned,cust_a9ef4e863a5e850a,0,0,36,1,111272,,,239,netbanking,False,not_recovered,0,2026-08-06 19:34:11+00:00
f3ff9a4d-8b2b-45fb-9c2d-3e869a913ed5,348819,succeeded,,cust_3c293798fc186fe9,0,2,47,0,77350,,152,62,netbanking,False,not_recovered,0,2026-08-06 20:03:42+00:00
2d093eb4-9cbe-44ad-abfe-8ca57786d7f6,1724169,succeeded,,cust_repeat_178,9,0,985,3,735770,35,,83,netbanking,False,not_recovered,0,2026-08-06 20:17:22+00:00
afcee841-f538-4b80-9ad2-0b55790696f2,1179592,abandoned_checkout,customer_abandoned,cust_repeat_50,3,0,400,0,278807,70,,203,upi,False,not_recovered,0,2026-08-06 20:43:16+00:00
9b5ac0f8-275e-4eb8-8613-34eb1ca38818,1866510,succeeded,,cust_repeat_155,5,0,326,1,95548,110,,92,upi,False,not_recovered,0,2026-08-06 23:02:55+00:00
447fae11-fd53-4089-bc0a-54b88300c1ef,1619537,failed,network_error,cust_f8340306d64b4909,0,0,37,0,139534,,,206,card,True,recovered,1619537,2026-08-06 23:27:25+00:00
3972a607-bc3f-4523-8d2b-0cf8622d7ea6,1604113,abandoned_checkout,customer_abandoned,cust_ba0fdec051745372,0,0,2,1,58774,,,393,netbanking,False,not_recovered,0,2026-08-07 00:28:14+00:00
07e02b65-4e18-4c21-8128-aec6d5ceb6ba,1182174,abandoned_checkout,customer_abandoned,cust_repeat_167,3,0,181,4,333549,314,,178,card,False,not_recovered,0,2026-08-07 00:36:04+00:00
0275a6ef-271f-47c6-8b67-923014f787c5,1933940,succeeded,,cust_58f7bf5e566af058,0,0,57,0,137233,,,177,netbanking,False,not_recovered,0,2026-08-07 00:56:12+00:00
003f87fd-8654-4f3a-8c99-ec2448608c85,654656,succeeded,,cust_f1f33a233bfe4716,0,0,7,1,178803,,,124,netbanking,False,not_recovered,0,2026-08-07 01:12:32+00:00
4dad72cc-8ceb-4904-b9c7-ca16c7015cbc,686758,failed,otp_timeout,cust_c6591ae9326b6307,0,0,41,2,48584,,,375,upi,True,recovered,686758,2026-08-07 01:31:37+00:00
628fc642-414c-492a-8995-e68dc005cd60,1800339,abandoned_checkout,customer_abandoned,cust_e1a784b33e3d4e9e,0,0,51,1,249982,,,502,upi,True,recovered,1800339,2026-08-07 01:38:34+00:00
f33fc011-a341-47f5-9a80-ebb349f69380,1547372,succeeded,,cust_3c9089a05c0a5315,0,0,8,1,250480,,,40,upi,False,not_recovered,0,2026-08-07 01:42:58+00:00
a176c4cf-daa8-4dda-9157-2faa5fe960a6,1737119,failed,card_declined,cust_6f80c1e472335f25,0,0,20,2,97748,,,398,upi,False,not_recovered,0,2026-08-07 04:03:30+00:00
172f9074-7222-475f-a5c0-ad43c3d1d8c1,726387,failed,network_error,cust_repeat_165,10,0,214,6,370946,100,,393,netbanking,True,recovered,726387,2026-08-07 04:30:47+00:00
cb36f5fb-1d2d-4379-8e50-d74887c08d13,1742001,failed,otp_timeout,cust_ff65149880f73f20,0,0,4,0,104830,,,49,card,True,recovered,1742001,2026-08-07 04:48:17+00:00
63580e25-cb95-4944-9dfa-c2b0d1d26f5d,1830111,succeeded,,cust_b8da90859bd0ea91,0,0,7,2,197298,,,39,netbanking,False,not_recovered,0,2026-08-07 06:22:36+00:00
e083b74f-6809-42ba-9a12-0ec2b4632f14,445909,succeeded,,cust_4744efb437b6142d,0,0,56,1,34659,,,134,upi,False,not_recovered,0,2026-08-07 06:46:29+00:00
e6cf8008-2458-487a-aeb5-820c025cb7df,1895147,failed,network_error,cust_52eb9d8e96cf37cb,0,0,18,2,164785,,,31,netbanking,True,recovered,1895147,2026-08-07 06:51:11+00:00
9734e29e-9bb3-450e-80ca-6f806325a274,1406116,succeeded,,cust_90820e324877e15d,0,2,28,1,287405,,26,104,netbanking,False,not_recovered,0,2026-08-07 07:01:32+00:00
e1c39ee8-9b6c-4be6-85dd-bb84b4d9ea21,1422259,succeeded,,cust_repeat_41,9,0,894,9,470763,196,,83,netbanking,False,not_recovered,0,2026-08-07 07:08:22+00:00
a2c73284-bd79-4b30-b8d9-7a38426e7425,1308605,failed,otp_timeout,cust_93b398dd2a83e210,0,0,58,1,200548,,,232,card,True,recovered,1308605,2026-08-07 07:09:47+00:00
4b7aaf5e-93bd-415f-b169-19ac06d30534,32062,succeeded,,cust_21f579ec8d25c286,0,0,25,2,134012,,,57,netbanking,False,not_recovered,0,2026-08-07 07:57:17+00:00
133c53d4-4da6-416d-8543-421177e860fd,1565822,succeeded,,cust_cc54263df01bcbdc,0,0,48,1,31275,,,128,card,False,not_recovered,0,2026-08-07 08:57:20+00:00
9917aa3d-4995-4914-98f7-6e5e0bfcd5c2,1933950,failed,card_declined,cust_1d0bb3f7ae433c4a,0,0,25,0,108554,,,209,upi,True,recovered,1933950,2026-08-07 09:57:11+00:00
3cfc2590-b407-487d-afb7-18257df1c78b,1504409,succeeded,,cust_repeat_186,7,1,741,7,448037,96,165,108,card,False,not_recovered,0,2026-08-07 10:19:14+00:00
10b8cdb6-167e-4936-978c-fa71c151dfda,1913280,failed,otp_timeout,cust_repeat_18,4,0,387,4,215271,26,,188,card,True,recovered,1913280,2026-08-07 11:06:01+00:00
5c6f2925-ce07-4e7e-9d69-d28d98aac25b,1551911,failed,card_declined,cust_5adf4c508cf45b96,0,1,55,2,177186,,96,61,netbanking,False,not_recovered,0,2026-08-07 11:31:54+00:00
c90fb012-225d-4cde-89f5-48874f03f3d0,156414,abandoned_checkout,customer_abandoned,cust_repeat_45,9,2,225,6,526397,137,29,395,card,False,not_recovered,0,2026-08-07 11:35:23+00:00
1dd9488c-dd9b-4dbe-bc9c-a5213d521bae,1103019,failed,insufficient_funds,cust_a720cf7765eca691,0,0,44,0,167259,,,315,upi,True,recovered,1103019,2026-08-07 12:12:26+00:00
8d50f32c-0a7f-4f49-82ed-6724e844249c,604298,failed,otp_timeout,cust_cde413148042447e,0,0,59,2,161511,,,20,card,True,recovered,604298,2026-08-07 12:21:24+00:00
7a4f3290-87d4-4d15-88bd-ac49a0b0b8dd,527104,failed,card_declined,cust_72a9d8f4ad19ce51,0,0,13,2,238504,,,337,card,False,not_recovered,0,2026-08-07 12:42:26+00:00
e408ef9b-ac71-4dca-a091-42c836c4e651,434071,abandoned_checkout,customer_abandoned,cust_9b0adca66e83275a,0,0,30,2,256348,,,107,netbanking,False,not_recovered,0,2026-08-07 13:32:38+00:00
1bf85845-a948-47c2-aed8-734b1bb1e41e,458526,failed,otp_timeout,cust_repeat_64,3,0,50,3,445984,223,,169,netbanking,True,recovered,458526,2026-08-07 13:45:22+00:00
be4f3c8d-e9e7-41a8-abe5-b04ea2c92ff2,33798,failed,otp_timeout,cust_8235dc9e2de0d76a,0,0,38,0,68163,,,36,card,True,recovered,33798,2026-08-07 14:02:56+00:00
9d526c62-983c-424a-8049-7fa38de51321,1240857,failed,card_declined,cust_7b3a22fa673e14b6,0,0,31,0,258490,,,20,netbanking,True,recovered,1240857,2026-08-07 14:27:37+00:00
74609b3d-2bde-4979-8ed6-d842fccc1a00,175811,failed,network_error,cust_repeat_25,3,0,287,2,442444,152,,293,netbanking,True,recovered,175811,2026-08-07 15:39:43+00:00
87cdc69b-66b0-48f3-a86b-59257272f94e,1096918,failed,otp_timeout,cust_repeat_121,9,0,459,4,658985,146,,106,upi,True,recovered,1096918,2026-08-07 15:44:56+00:00
aa9476d2-7938-45a5-9c1d-c1a6032370fc,141034,succeeded,,cust_e12281069f373f3e,0,1,35,2,227548,,12,56,netbanking,False,not_recovered,0,2026-08-07 16:00:05+00:00
215e4567-be0e-4722-9d1d-21c0312f6910,878305,abandoned_checkout,customer_abandoned,cust_846345087770b2f4,0,0,54,2,255767,,,442,card,False,not_recovered,0,2026-08-07 16:34:34+00:00
37ef0b7b-c852-4719-a443-3309999f7803,1558175,failed,card_declined,cust_repeat_139,3,0,320,1,354235,428,,296,netbanking,False,not_recovered,0,2026-08-07 17:09:05+00:00
b80370dd-baae-4dc4-8e98-e701f6de1000,377046,succeeded,,cust_7d61aebecc1e15a0,0,1,46,1,210168,,110,139,card,False,not_recovered,0,2026-08-07 17:37:56+00:00
1f27d9aa-99ec-4eb7-8021-b1a99b1e4c76,1398271,succeeded,,cust_dab573f067b70195,0,0,40,1,221926,,,119,card,False,not_recovered,0,2026-08-07 18:22:28+00:00
3d835017-a3b5-42aa-8482-1ec1eec13a02,383301,failed,otp_timeout,cust_d7686598e82fbbbe,0,0,43,2,99377,,,38,netbanking,True,recovered,383301,2026-08-07 18:38:58+00:00
0bf24723-e512-4666-8704-ca8669d3c110,1596703,succeeded,,cust_27a32f9bba7e1d4f,4,3,242,1,253880,126,64,143,upi,False,not_recovered,0,2026-08-07 19:07:36+00:00
7a06e1af-ca51-458d-a80f-40ea2256e4dc,1888587,failed,otp_timeout,cust_5a036995c2622c84,0,1,21,2,289355,,91,223,card,True,recovered,1888587,2026-08-07 19:09:46+00:00
20618ec5-0316-4c43-8392-c2b1e7702821,1578280,failed,insufficient_funds,cust_536ca15c024fd228,0,0,23,0,51963,,,331,card,True,recovered,1578280,2026-08-07 20:13:40+00:00
7f29ea31-13e4-4338-8ea5-935bdde0a769,1132443,succeeded,,cust_d61103a89d7778b7,0,0,1,0,176051,,,86,card,False,not_recovered,0,2026-08-07 21:27:21+00:00
66d9c150-12b2-422e-a1f7-49deda2c12a7,82861,failed,network_error,cust_637b93578a565b15,0,1,22,1,177381,,128,59,card,True,recovered,82861,2026-08-07 21:31:42+00:00
eca47d36-fed3-4cd2-ad46-dc3b9526d0aa,918394,abandoned_checkout,customer_abandoned,cust_0cd5b6588e4179fd,0,0,30,2,41970,,,149,upi,True,recovered,918394,2026-08-07 21:45:18+00:00
5dc16a3c-9ff7-400f-8429-e09eee1b68ce,788919,failed,insufficient_funds,cust_c431f92887030c28,0,0,22,1,84625,,,322,netbanking,False,not_recovered,0,2026-08-07 22:59:41+00:00
2a13449e-3cb0-4b07-afb0-0fb9921be502,1652326,abandoned_checkout,customer_abandoned,cust_daec9bb9a1683a86,0,1,49,1,68216,,28,111,card,True,recovered,1652326,2026-08-07 23:08:57+00:00
fa1a2b9c-fea1-4d83-b9cc-778068acf80e,957924,failed,insufficient_funds,cust_19e01fcd3fe22a42,0,0,17,0,297496,,,384,upi,False,not_recovered,0,2026-08-08 00:12:52+00:00
7af6f2c2-f19f-437a-9b49-ca235da31992,1859822,failed,otp_timeout,cust_486d4aa8431f3d47,0,2,19,2,54373,,154,312,netbanking,True,recovered,1859822,2026-08-08 00:57:28+00:00
e209f197-6255-4114-a4b1-4165ac048bf2,1045088,succeeded,,cust_3340526271299151,0,0,34,2,286977,,,47,netbanking,False,not_recovered,0,2026-08-08 01:26:50+00:00
a2ea9f96-4dda-4489-98c5-beb4682e7938,729004,failed,network_error,cust_4fdc7e56b18315ec,0,0,19,1,259700,,,292,card,False,not_recovered,0,2026-08-08 01:30:01+00:00
d8f3393a-af6d-4836-9991-fd12778cc02a,1721725,succeeded,,cust_repeat_44,2,1,62,0,377631,291,99,148,upi,False,not_recovered,0,2026-08-08 01:57:51+00:00
9be9f601-4f37-4d45-81ef-696a26e78113,1378565,abandoned_checkout,customer_abandoned,cust_a2e5ebff61c28c02,0,0,42,1,143649,,,148,netbanking,True,recovered,1378565,2026-08-08 03:46:10+00:00
b6e219d2-27a1-43b0-b96d-732d1403fb7e,1401695,succeeded,,cust_repeat_167,8,0,789,2,763266,22,,109,netbanking,False,not_recovered,0,2026-08-08 05:08:13+00:00
112086c4-435c-4d45-9e06-7b68fdd52204,1504474,failed,card_declined,cust_e53976a5fb7cf8ea,0,0,16,0,47775,,,149,card,True,recovered,1504474,2026-08-08 05:16:25+00:00
d8d3ef40-d26d-4b10-8429-fe1048cebaba,1241567,failed,otp_timeout,cust_bdb20d6d324f9132,0,0,52,1,110006,,,32,netbanking,True,recovered,1241567,2026-08-08 06:12:48+00:00
ab33b965-d506-480b-bdc0-47a24561433c,1988187,failed,otp_timeout,cust_608cbd0dc5d264df,2,3,256,4,478025,249,117,244,netbanking,False,not_recovered,0,2026-08-08 07:34:36+00:00
9b62beb2-df27-44e7-9f64-427e511d5f07,1141681,succeeded,,cust_repeat_97,8,1,965,2,794284,188,11,91,netbanking,False,not_recovered,0,2026-08-08 10:53:02+00:00
c29bc275-3edc-4011-8ff9-40aa1413638f,1739499,succeeded,,cust_9a3e247cb2c083eb,0,0,47,2,147448,,,179,upi,False,not_recovered,0,2026-08-08 11:12:07+00:00
8fed024d-ed50-403a-adb1-58bb3f4504bb,112283,failed,otp_timeout,cust_d416d689968cc773,0,0,4,2,88925,,,120,card,True,recovered,112283,2026-08-08 12:00:21+00:00
69a27e3a-83f2-46e1-bde4-97459984f9f8,886746,failed,network_error,cust_repeat_180,3,1,265,3,210703,458,6,52,card,False,not_recovered,0,2026-08-08 12:48:41+00:00
76f1ea9f-1d09-4b82-91aa-aa98202d49a7,619014,abandoned_checkout,customer_abandoned,cust_790e6a97f4d167b3,2,3,371,0,209281,255,5,108,netbanking,False,not_recovered,0,2026-08-08 14:57:58+00:00
cc342a1a-2485-4c81-93e9-ad20e8a450a5,757053,abandoned_checkout,customer_abandoned,cust_1cec494bf8190b5f,0,0,44,2,253920,,,80,card,True,recovered,757053,2026-08-08 15:02:20+00:00
1bd5ae70-7892-4742-977a-2a0aa0fb5d48,1363041,failed,insufficient_funds,cust_27dc96d96db629a8,0,0,60,1,230574,,,302,card,True,recovered,1363041,2026-08-08 15:03:46+00:00
865d7da6-6515-4fc1-abfa-07bc68156b3d,1417129,succeeded,,cust_9e48164478ff29da,0,0,37,0,137415,,,121,upi,False,not_recovered,0,2026-08-08 15:04:51+00:00
70f091e7-b0f7-4a4c-b9f3-17ec416bff2e,724051,abandoned_checkout,customer_abandoned,cust_2d9f8650645ccf06,0,0,23,1,205117,,,562,netbanking,True,recovered,724051,2026-08-08 15:12:12+00:00
bed8375a-b09e-487e-a3a0-0956f4848d2d,1060323,succeeded,,cust_repeat_20,7,1,807,2,742343,125,158,137,netbanking,False,not_recovered,0,2026-08-08 15:13:44+00:00
295495a4-1b23-4326-a1be-6488a4daefbc,1950941,failed,insufficient_funds,cust_b17c1aa594921f91,4,5,168,7,24700,369,166,242,upi,False,not_recovered,0,2026-08-08 16:37:10+00:00
c2f3a6f3-a346-4840-a94d-c2314757fc3a,343251,failed,card_declined,cust_55a94e688f4b3f6d,0,0,40,1,178664,,,161,upi,False,not_recovered,0,2026-08-08 17:19:01+00:00
b56afced-bafa-4a24-9ea8-af731d10d671,1578229,failed,insufficient_funds,cust_4d99e6fbb82fd106,0,0,6,1,227492,,,169,netbanking,True,recovered,1578229,2026-08-08 17:52:26+00:00
06b1246d-e98e-4324-8244-d7d041e65838,1836919,failed,card_declined,cust_repeat_172,6,2,347,4,698144,109,113,354,card,True,recovered,1836919,2026-08-08 18:07:06+00:00
dcccd85f-8bb0-44c1-b42a-4ffd3899c3e5,1063333,failed,otp_timeout,cust_6f4a9954a6a32e50,0,0,2,1,140824,,,148,upi,True,recovered,1063333,2026-08-08 18:08:04+00:00
4739bdcd-3b71-4325-aae5-2eb0c14c5cb2,1614772,abandoned_checkout,customer_abandoned,cust_8aecc88e2bb78e8a,0,0,2,2,78004,,,319,card,False,not_recovered,0,2026-08-08 19:16:29+00:00
ba4533ac-6298-45c2-a806-e676be1ce696,170771,succeeded,,cust_9da6dc8e505f6e8d,0,0,46,2,41395,,,163,card,False,not_recovered,0,2026-08-08 19:35:22+00:00
4e7ce256-26ae-4595-bfc3-8ceb45727b96,968748,succeeded,,cust_650a5546d53da297,0,1,35,2,85430,,61,72,upi,False,not_recovered,0,2026-08-08 20:16:04+00:00
8401af62-079a-4251-81b9-eb8aebe51cce,1120387,failed,network_error,cust_f1ddf42557938604,0,0,23,0,93068,,,251,card,True,recovered,1120387,2026-08-08 20:26:28+00:00
fc346b33-3b1e-475e-a2aa-eaf76bc00601,1468545,abandoned_checkout,customer_abandoned,cust_6f2b486312ad70b7,0,0,60,2,50910,,,250,card,True,recovered,1468545,2026-08-08 20:32:57+00:00
c3a46c62-cc55-4f53-812c-864f4f27ae7f,1038356,failed,network_error,cust_3adf784bfb901178,0,0,24,2,172145,,,347,netbanking,False,not_recovered,0,2026-08-08 21:14:36+00:00
c662c228-d1c5-4f5c-b825-79a18f57836c,324705,succeeded,,cust_6ab6c14c227d31fe,7,3,379,4,623186,76,63,114,card,False,not_recovered,0,2026-08-08 22:16:49+00:00
a28a9e80-cbaf-4248-90ed-3bdc74742a12,1701350,abandoned_checkout,customer_abandoned,cust_be45c403db3aa5f9,0,0,54,1,294895,,,565,card,False,not_recovered,0,2026-08-08 23:16:05+00:00
1d234625-3880-485b-8226-7d77a2d72a5d,1369763,failed,network_error,cust_repeat_1,2,0,325,1,149046,417,,344,upi,True,recovered,1369763,2026-08-08 23:41:27+00:00
b5b2603d-fd87-4973-a349-ecfe750cc769,1630081,failed,otp_timeout,cust_d058dd6851b7def7,0,0,42,1,298435,,,346,netbanking,False,not_recovered,0,2026-08-08 23:57:37+00:00
26985586-f840-4cea-8868-a5e915822c86,1280109,succeeded,,cust_a4eac1054714791b,0,1,47,1,255418,,116,56,card,False,not_recovered,0,2026-08-09 01:14:20+00:00
d79f74a9-6cb3-4887-9289-bd1267c7fdfc,1657151,abandoned_checkout,customer_abandoned,cust_8d8e1537da8d5405,0,1,10,0,114491,,126,211,card,True,recovered,1657151,2026-08-09 01:24:33+00:00
9f94c83e-b172-4144-8a6b-fd335bda3224,79770,succeeded,,cust_1cf0288db9801019,0,0,1,0,163558,,,135,upi,False,not_recovered,0,2026-08-09 01:59:07+00:00
4f384ee0-1f92-4805-8513-4038b1750799,1117200,failed,insufficient_funds,cust_3ff2b0bd5be2ec07,0,0,1,0,55600,,,87,upi,True,recovered,1117200,2026-08-09 02:18:34+00:00
218f9654-9298-48c8-8bb2-81059139a9f8,1068036,abandoned_checkout,customer_abandoned,cust_297c963600093652,0,0,16,0,247292,,,181,upi,False,not_recovered,0,2026-08-09 03:27:57+00:00
3642acd1-e45e-4073-835a-117bfa6cb6f5,1026187,failed,card_declined,cust_c4f41a6c9234bde4,0,0,23,2,32320,,,107,card,False,not_recovered,0,2026-08-09 03:34:46+00:00
d0682430-f7d9-46c5-b9cc-7ba8fcd81dda,1332935,failed,insufficient_funds,cust_327be432e0902c89,0,0,8,2,94261,,,81,upi,False,not_recovered,0,2026-08-09 05:10:15+00:00
f67b8b37-3778-4865-a474-67459db80ffe,1783233,abandoned_checkout,customer_abandoned,cust_ffaa0198b1e4c502,2,3,343,3,136279,387,47,211,upi,False,not_recovered,0,2026-08-09 05:35:18+00:00
39ac2090-d8c7-409d-a08f-5fc0dcd31a80,1140697,abandoned_checkout,customer_abandoned,cust_86ebccd5e85701e2,0,0,16,1,265919,,,400,netbanking,False,not_recovered,0,2026-08-09 06:28:25+00:00
15aae467-37a0-4d10-a978-b4fd314fff04,1314206,failed,otp_timeout,cust_8a25c0407728dbdb,0,0,45,1,72905,,,234,upi,True,recovered,1314206,2026-08-09 07:04:03+00:00
6c1324ad-c67d-4f13-9c4b-2215a54d1c01,1217984,failed,network_error,cust_65e053d8f341d052,0,0,32,0,287510,,,218,upi,True,recovered,1217984,2026-08-09 07:07:54+00:00
8a6bdd49-e904-480d-bdfd-c914d4fd678a,828255,failed,network_error,cust_ebb6fe7b9c034308,0,0,29,0,92397,,,204,upi,True,recovered,828255,2026-08-09 07:17:42+00:00
52b11bd7-33a5-4d83-bbb8-5dc3b80d63bd,533795,abandoned_checkout,customer_abandoned,cust_399f9860c691ef1b,0,0,39,0,251358,,,396,upi,True,recovered,533795,2026-08-09 07:41:07+00:00
8e87386a-7a3f-4576-b401-40c91cf8cfe3,1206777,failed,insufficient_funds,cust_7e0bb7c0d4560d6b,0,0,30,1,118047,,,348,netbanking,False,not_recovered,0,2026-08-09 08:58:31+00:00
1914dbbe-0f2d-4b35-b09f-7b265a0a9f8f,389443,failed,insufficient_funds,cust_repeat_43,3,0,341,5,395400,362,,107,card,True,recovered,389443,2026-08-09 09:13:28+00:00
19799654-e9f3-467f-8252-b66b00d11a32,192720,abandoned_checkout,customer_abandoned,cust_c8399a67fb503bc3,6,3,1143,6,725885,28,98,365,card,False,not_recovered,0,2026-08-09 11:24:05+00:00
cb9621d3-4d5d-453c-a52b-1bebf32f2871,1350000,failed,card_declined,cust_343ff8e9fe7ba967,0,0,24,1,256245,,,83,card,True,recovered,1350000,2026-08-09 11:26:33+00:00
8aa402ee-b661-4b97-8819-7893006c282a,741558,failed,network_error,cust_254bae489c2fcf58,0,0,44,0,179909,,,321,netbanking,True,recovered,741558,2026-08-09 14:26:23+00:00
c052f812-c1c1-4ae2-8532-2a22eee82aef,1468468,succeeded,,cust_846699b700cfec5a,0,0,0,1,124277,,,71,netbanking,False,not_recovered,0,2026-08-09 14:37:19+00:00
0ca169bb-6994-4d37-9439-ce21a6daba4f,1891287,failed,otp_timeout,cust_a7527bd361e68014,0,0,42,0,229462,,,155,card,True,recovered,1891287,2026-08-09 16:41:18+00:00
0000a366-999f-4ccf-86a6-0eab545f1f96,487457,abandoned_checkout,customer_abandoned,cust_d8a85fd477c6490f,0,0,51,0,280040,,,147,netbanking,True,recovered,487457,2026-08-09 17:19:06+00:00
868b94af-fe65-4cc0-ae98-88c600e212a1,791887,failed,network_error,cust_f54185c55d40cdc2,0,0,60,1,224004,,,110,card,True,recovered,791887,2026-08-09 18:20:03+00:00
d21adfa8-86eb-4bd5-9d6e-f582b6a61de9,1263494,abandoned_checkout,customer_abandoned,cust_f19a1a44de735687,0,2,58,2,288183,,10,375,netbanking,False,not_recovered,0,2026-08-09 19:01:44+00:00
ac6d0474-bd0f-4760-ba6f-0854471f6fc1,433455,abandoned_checkout,customer_abandoned,cust_8a22cca8e0d3d443,0,0,36,0,62948,,,352,netbanking,False,not_recovered,0,2026-08-09 19:21:49+00:00
95b5ef82-69a1-4be7-9333-41ed82956242,1877490,failed,network_error,cust_e5cb4e6b86a41184,0,1,54,0,254074,,118,234,card,True,recovered,1877490,2026-08-09 19:42:18+00:00
6d3f7ded-974c-4ae8-8b34-a42a963d155b,759090,failed,insufficient_funds,cust_db626c38e58bacd8,0,1,12,1,31548,,149,286,netbanking,True,recovered,759090,2026-08-09 20:03:23+00:00
b4f25897-9e2e-40e5-bf94-2c2a51f86eac,1008846,abandoned_checkout,customer_abandoned,cust_a8d3581cb7e4f4a2,0,0,9,0,176019,,,101,netbanking,True,recovered,1008846,2026-08-09 20:05:39+00:00
e5a0fb64-d29f-4696-9a5c-b75c5f0fd3fd,292536,failed,network_error,cust_41585c0926eff57d,4,3,349,2,360845,285,68,105,netbanking,False,not_recovered,0,2026-08-09 20:45:33+00:00
21770184-6f2b-451c-9b0b-b17080d93751,360609,failed,insufficient_funds,cust_2f0e897d1479945b,0,0,5,0,218305,,,27,card,True,recovered,360609,2026-08-09 21:10:01+00:00
939f61f6-ab55-4384-9389-b6642d3d089e,1141406,succeeded,,cust_ee50af57e602db9c,0,0,44,2,19293,,,145,upi,False,not_recovered,0,2026-08-09 22:09:21+00:00
f8e39831-4ca7-4100-a2a6-3c5174d0843b,1128618,succeeded,,cust_c5391e7f61e28606,0,0,0,2,91292,,,36,card,False,not_recovered,0,2026-08-09 22:22:10+00:00
b20ac989-9166-4eae-ba9d-54be6a6c05ea,1600162,failed,network_error,cust_959f6a57ff9fe01f,0,0,35,2,73438,,,343,card,True,recovered,1600162,2026-08-09 23:07:46+00:00
67f75d58-6bf6-4ad3-898d-dbf541ff94d6,1478593,failed,card_declined,cust_d128e22068e3acfb,0,0,27,1,180809,,,20,netbanking,True,recovered,1478593,2026-08-10 01:22:42+00:00
f00067e0-2d25-45f4-b49f-ee8e6b36eb29,283793,abandoned_checkout,customer_abandoned,cust_1322001a2ab64692,0,0,39,1,175412,,,517,upi,False,not_recovered,0,2026-08-10 01:28:42+00:00
fa2b05c8-6c9e-44ee-b12b-f4c42b92e1bd,649473,succeeded,,cust_f044d19965f03b21,0,0,30,1,172372,,,174,upi,False,not_recovered,0,2026-08-10 02:24:27+00:00
2dbb9025-7bc3-4138-b27d-537d9ed14677,1316471,succeeded,,cust_96dca605e9349532,0,1,1,1,216980,,161,164,card,False,not_recovered,0,2026-08-10 03:11:07+00:00
6445aefe-1b11-44f9-8df0-ef7847947104,494627,failed,network_error,cust_a79220a038fd84fd,0,0,20,0,257704,,,146,netbanking,True,recovered,494627,2026-08-10 03:24:48+00:00
7d8780ec-4e9b-4fdc-ada8-eb67f29ee15f,1565144,failed,insufficient_funds,cust_32d1026706d7e805,0,1,27,2,188389,,72,99,card,False,not_recovered,0,2026-08-10 03:50:21+00:00
9480ee91-8584-4157-9a5c-fcfc2baadf48,249112,succeeded,,cust_32a1312c4d0014cb,0,0,36,2,119542,,,96,upi,False,not_recovered,0,2026-08-10 04:13:27+00:00
f3b4e24f-0ea2-4c8d-ad22-c9e141c3bde9,1091988,failed,network_error,cust_899f7dbd32bdc447,0,2,60,0,253969,,8,356,upi,True,recovered,1091988,2026-08-10 05:21:41+00:00
0800ba0d-a9bd-4d63-8f7b-eea2f0e0e8bf,985041,succeeded,,cust_repeat_62,5,2,236,6,155119,125,49,61,netbanking,False,not_recovered,0,2026-08-10 06:26:38+00:00
864a0f40-fb1f-4ead-a8e6-04a432eb742f,485727,succeeded,,cust_e086fa53aba32d6e,0,0,18,0,96441,,,34,upi,False,not_recovered,0,2026-08-10 06:34:28+00:00
52402651-43e3-409c-bce9-b9c5d0bb454d,252595,abandoned_checkout,customer_abandoned,cust_76523d05ac878f34,0,0,40,2,267928,,,152,netbanking,True,recovered,252595,2026-08-10 08:15:31+00:00
ddf89034-94cb-406c-93f8-8b2428678f4d,294329,failed,network_error,cust_fe4dafc906b0a029,0,0,49,0,241114,,,75,upi,True,recovered,294329,2026-08-10 11:55:00+00:00
bbf89643-ec97-4c85-af8a-4b64898a76cd,1082392,failed,network_error,cust_bc035ad5b726bb4a,0,0,0,0,177032,,,372,card,True,recovered,1082392,2026-08-10 12:50:22+00:00
3ac763da-caea-45d0-900f-d476fb421176,113327,failed,card_declined,cust_6751e0488096200e,0,0,6,1,101168,,,140,netbanking,True,recovered,113327,2026-08-10 13:13:01+00:00
a56abe7a-48ca-4548-827c-3955eefc2748,1956383,failed,card_declined,cust_2a62ecc0599bce22,0,2,13,1,130661,,100,337,upi,True,recovered,1956383,2026-08-10 13:41:19+00:00
02d4dbf5-e427-4f57-9b34-96a75edd0b8e,1816665,failed,card_declined,cust_bc4b3a7e38e74319,0,0,55,1,229223,,,147,card,True,recovered,1816665,2026-08-10 14:30:35+00:00
609ff4ec-fa7f-4c9a-b9ab-03f047f36b1f,865631,failed,network_error,cust_6d3de56cdad1cffb,0,0,36,1,196503,,,249,card,True,recovered,865631,2026-08-10 14:50:58+00:00
29543eab-b915-4d13-ae7e-e5f6444cf7cb,397120,succeeded,,cust_274b0f5b3fc6fce7,0,1,24,0,77372,,82,64,upi,False,not_recovered,0,2026-08-10 14:53:14+00:00
5ae156b6-5795-44ac-8229-28a9abd1b0db,1785113,failed,network_error,cust_b0bbedaf6f739f87,0,0,9,1,31845,,,380,card,True,recovered,1785113,2026-08-10 16:38:28+00:00
14fd40d8-ddb1-4ca6-aee8-3d362c120f56,861732,failed,insufficient_funds,cust_1c997adb17c66c9f,0,0,55,0,96372,,,175,upi,True,recovered,861732,2026-08-10 17:06:22+00:00
363ac63e-79af-497a-8f6b-114c9f7b0085,1656467,failed,card_declined,cust_381bee14b02bb989,0,0,40,0,292186,,,184,upi,False,not_recovered,0,2026-08-10 18:46:54+00:00
5a3ea051-9739-437d-8c84-bde9461d4371,146857,failed,insufficient_funds,cust_589469f240faa2a8,0,1,21,2,76499,,100,49,upi,True,recovered,146857,2026-08-10 18:58:12+00:00
b5141841-6fb8-458b-a73c-cedc2f0186d1,112576,succeeded,,cust_repeat_64,8,0,1012,2,541789,119,,131,netbanking,False,not_recovered,0,2026-08-10 19:00:09+00:00
5334d9fc-2bfe-4479-94c4-8ba1d291449b,1802237,failed,network_error,cust_1b7acb7a587fea1e,0,0,57,2,228814,,,369,upi,True,recovered,1802237,2026-08-10 19:58:35+00:00
f45be703-8679-4a7f-b3eb-07bcc75f3957,883863,failed,insufficient_funds,cust_40236c08f8e20606,0,0,7,1,144401,,,286,netbanking,True,recovered,883863,2026-08-10 20:04:59+00:00
e03d72db-cc45-4f68-96d1-ff0a1d273fd2,1191727,failed,otp_timeout,cust_3fdeab0186fa63ae,0,0,41,1,79348,,,110,netbanking,True,recovered,1191727,2026-08-10 20:33:39+00:00
fca190de-08b1-42f1-92c9-414ccef016d9,197039,succeeded,,cust_5a1019c6b1d5b163,0,0,60,1,107363,,,86,netbanking,False,not_recovered,0,2026-08-10 22:48:41+00:00
0013dfb2-d6dc-416d-ba71-ac0930a77f1d,31651,abandoned_checkout,customer_abandoned,cust_cb2a6ef85cd65ad7,0,0,11,1,247161,,,569,upi,True,recovered,31651,2026-08-11 00:26:49+00:00
4b648900-15be-481d-b2cc-b22b9fecb176,682071,failed,network_error,cust_2103b66e86ace04e,0,0,10,1,278170,,,255,card,True,recovered,682071,2026-08-11 00:36:22+00:00
58f97bc1-9cd9-4af2-8941-7b4086d802cc,946039,succeeded,,cust_repeat_123,7,1,919,3,440250,33,109,100,upi,False,not_recovered,0,2026-08-11 00:55:07+00:00
8740e8f6-d62d-4b9f-8fde-60c782e0b81c,900745,succeeded,,cust_repeat_112,3,0,327,2,19712,76,,57,card,False,not_recovered,0,2026-08-11 01:00:46+00:00
39ae9e2f-4537-4c78-ae9f-ed9d025e1c70,829910,failed,otp_timeout,cust_099a03a3fd94d504,0,0,6,1,72398,,,203,card,True,recovered,829910,2026-08-11 01:40:36+00:00
00c5c7af-3667-4696-a8f7-2647178bc08c,1781251,succeeded,,cust_e1bf99b80d397edf,0,2,35,0,170006,,63,59,netbanking,False,not_recovered,0,2026-08-11 02:10:11+00:00
fcc25f5d-93b9-48fb-9aa1-7b46990a209c,1719818,succeeded,,cust_ad4d0f279ea2781e,0,0,17,2,56247,,,158,netbanking,False,not_recovered,0,2026-08-11 02:19:42+00:00
548c8547-8dd0-4996-a365-68079c853091,1672590,failed,insufficient_funds,cust_repeat_132,3,0,247,2,314983,202,,147,netbanking,True,recovered,1672590,2026-08-11 03:00:57+00:00
32084317-b57c-48ec-8d2a-6095bf5d9dbc,1529340,succeeded,,cust_0646a9205abfe7e6,0,0,53,2,198220,,,155,netbanking,False,not_recovered,0,2026-08-11 04:00:42+00:00
be26197b-df83-4516-9bd5-8c1da6829af3,288776,failed,insufficient_funds,cust_repeat_114,2,0,120,2,383705,149,,91,upi,True,recovered,288776,2026-08-11 05:19:53+00:00
50c2ebe8-0099-437d-b4be-cc5736e975aa,1368882,failed,card_declined,cust_6b0ed9ce5ec66d01,0,2,7,1,65553,,158,164,upi,True,recovered,1368882,2026-08-11 05:57:22+00:00
45b29efc-1d06-42a3-ae77-e088f1739a66,1273743,failed,otp_timeout,cust_82ec684b1f770abf,0,0,9,2,153003,,,183,upi,True,recovered,1273743,2026-08-11 05:58:03+00:00
86043eb8-d5b8-4aa1-b7db-fa68c652932e,152584,abandoned_checkout,customer_abandoned,cust_74ef5d87baaa5595,0,0,53,2,191548,,,203,netbanking,False,not_recovered,0,2026-08-11 07:45:44+00:00
024c1523-16f5-4bb3-bea8-6d54cc81c2cc,27708,succeeded,,cust_bc6a2fbe1b6517c2,0,0,43,0,20555,,,46,upi,False,not_recovered,0,2026-08-11 08:46:08+00:00
0219e1ea-9e38-4ad0-9419-28c19412c937,766457,failed,insufficient_funds,cust_repeat_194,10,0,216,13,388558,95,,240,upi,True,recovered,766457,2026-08-11 08:55:32+00:00
9191ede4-6070-4246-a7b7-9eb6cbb08b82,1491474,succeeded,,cust_e148d2dfe6529f06,0,0,8,2,20800,,,101,card,False,not_recovered,0,2026-08-11 09:12:25+00:00
ac44e0d9-84c3-4be9-a9ae-6a83fbf39205,65719,succeeded,,cust_3ad3407caff893d0,5,3,556,6,659361,89,35,44,card,False,not_recovered,0,2026-08-11 09:23:36+00:00
accefb74-f444-4acf-9d19-e775c86e1692,891739,failed,network_error,cust_59c0996daeee6f52,0,0,32,1,185735,,,67,card,True,recovered,891739,2026-08-11 10:20:07+00:00
e6575384-54cc-47ec-9971-5c232923eb20,517904,failed,insufficient_funds,cust_repeat_12,6,0,409,4,50564,119,,145,card,True,recovered,517904,2026-08-11 13:12:12+00:00
4360082a-5701-4326-aed5-729d855af6ae,1275856,succeeded,,cust_3d2a2ba847803c7c,0,0,50,0,74751,,,74,netbanking,False,not_recovered,0,2026-08-11 14:50:38+00:00
50613551-3ccf-49a4-92eb-6bf4104c0c22,957291,abandoned_checkout,customer_abandoned,cust_45dbda57cfbc5eb8,0,0,43,1,145506,,,74,card,True,recovered,957291,2026-08-11 16:42:23+00:00
d2733068-a312-4ab7-bc5c-cae3b146a9b0,1241240,succeeded,,cust_827c2dbedb454c3a,0,0,17,2,22424,,,63,netbanking,False,not_recovered,0,2026-08-11 16:44:28+00:00
d7421f27-6ed4-4503-b56d-cac376a196c3,997765,abandoned_checkout,customer_abandoned,cust_3455ddf820eda6a1,0,0,30,1,117608,,,484,card,False,not_recovered,0,2026-08-11 17:01:20+00:00
be1bec39-4083-4f41-9bea-47b845d0d476,761259,failed,otp_timeout,cust_repeat_167,5,1,1188,2,357965,101,116,333,upi,True,recovered,761259,2026-08-11 17:15:14+00:00
e145314a-1802-4156-8c62-448b923b5aea,1241405,succeeded,,cust_9fa2c20d8d5e465c,0,2,35,1,267208,,11,107,netbanking,False,not_recovered,0,2026-08-11 17:54:51+00:00
0b736f2c-48ad-45e2-b4d5-92698aa1f9fb,255008,failed,network_error,cust_df4ad55530a769e0,0,0,31,1,171115,,,265,upi,True,recovered,255008,2026-08-11 18:18:39+00:00
c40fce8a-9e7e-4a02-a3fe-cdaaa21e2ff8,59938,succeeded,,cust_5a6fcaec5ff97230,0,1,39,0,36229,,3,100,card,False,not_recovered,0,2026-08-11 18:27:33+00:00
1410577a-bd3f-498f-b0f6-f0f1f3f6b52b,1049472,failed,insufficient_funds,cust_repeat_199,6,4,973,3,592805,112,98,239,netbanking,False,not_recovered,0,2026-08-11 18:43:55+00:00
db744bb0-4061-4839-ae0b-355e343f7301,424254,succeeded,,cust_repeat_195,6,0,331,4,209903,38,,55,card,False,not_recovered,0,2026-08-11 20:42:20+00:00
7bc4d783-acf0-4190-91c0-70ae768f4818,170617,failed,otp_timeout,cust_ede89fe2516b01d3,0,0,19,2,272457,,,309,upi,True,recovered,170617,2026-08-11 20:55:01+00:00
511abf3a-5252-4d6b-b072-969e24ac7e91,695749,failed,otp_timeout,cust_341d4edf57a0e688,0,0,4,0,78676,,,314,card,False,not_recovered,0,2026-08-11 21:07:16+00:00
94def7d2-48da-42ed-8e8a-35d35a78e409,351515,abandoned_checkout,customer_abandoned,cust_e4b518bdb1992653,0,2,48,2,97627,,140,390,upi,False,not_recovered,0,2026-08-11 21:13:32+00:00
854075b7-c40e-467c-a25d-a1d793cad2b9,124488,abandoned_checkout,customer_abandoned,cust_0205cbaec9ebdcbe,0,1,46,0,83016,,151,548,upi,True,recovered,124488,2026-08-11 21:28:20+00:00
67e431c5-91e2-467c-aeb3-35c9edd897ad,1423797,abandoned_checkout,customer_abandoned,cust_bf9fb3dc14836d57,0,0,47,0,168309,,,514,card,True,recovered,1423797,2026-08-11 21:47:44+00:00
10bb98f9-10dc-4a74-8edf-0b105c39bbf5,526161,failed,card_declined,cust_fa4f59ae559ab908,0,0,7,0,21182,,,24,card,True,recovered,526161,2026-08-11 22:14:02+00:00
bfd84f15-ea65-4f0a-8c19-17febf626972,1407598,abandoned_checkout,customer_abandoned,cust_0c96906308b416d1,0,2,39,2,159008,,17,133,netbanking,True,recovered,1407598,2026-08-11 22:36:03+00:00
6db77704-5d80-4430-97fa-6b47ae159327,1647420,succeeded,,cust_21f93448e0f4c8d6,0,0,11,0,205661,,,50,upi,False,not_recovered,0,2026-08-12 00:10:02+00:00
c6bb7925-8a05-4e40-9530-88dab9b46140,1836818,failed,network_error,cust_326b6f7db5f5acee,0,0,44,1,42080,,,191,upi,False,not_recovered,0,2026-08-12 00:34:22+00:00
3261f9ab-3985-46da-8879-b9a38328463d,943359,failed,network_error,cust_b1ca61c5a1471c8c,0,0,60,2,96717,,,155,card,False,not_recovered,0,2026-08-12 00:36:24+00:00
51a843af-a6c8-4ebc-907f-0d0d5d74f5c0,856174,succeeded,,cust_df1f23557c36346f,0,0,16,1,200796,,,180,netbanking,False,not_recovered,0,2026-08-12 01:16:33+00:00
e1e08584-c8a1-488d-8463-1b3aac449c63,878887,succeeded,,cust_5fa7836baf15402e,0,2,5,1,24017,,108,63,netbanking,False,not_recovered,0,2026-08-12 02:54:05+00:00
a9e932a4-a674-4302-9b02-392d3f90c4a1,418180,failed,card_declined,cust_3e98f80060551c83,0,0,39,2,213980,,,186,netbanking,False,not_recovered,0,2026-08-12 03:48:56+00:00
ab15bb5f-f78c-447d-8004-dbe4dd234f97,768547,failed,insufficient_funds,cust_645b129c480eda61,0,2,29,2,292327,,55,357,netbanking,False,not_recovered,0,2026-08-12 05:23:52+00:00
3e973002-68f7-41e5-b657-705549036928,1960168,failed,card_declined,cust_d5a69ecc2b613c9f,0,0,33,0,220163,,,83,upi,True,recovered,1960168,2026-08-12 06:03:21+00:00
bdeaf2ff-48e8-483f-8dec-51fd2a1f6ae0,954507,succeeded,,cust_144907bb9959fe94,0,0,51,2,77398,,,67,netbanking,False,not_recovered,0,2026-08-12 07:24:28+00:00
de423409-cc8e-46a7-a9f7-37b603638579,1045204,abandoned_checkout,customer_abandoned,cust_823c092019514dd3,8,3,213,8,95868,159,155,100,card,False,not_recovered,0,2026-08-12 07:49:16+00:00
5a274cb9-1514-4577-97a3-fb045cae63b7,1850147,abandoned_checkout,customer_abandoned,cust_5c0aaa8cb85c7c87,0,2,28,1,56926,,69,87,card,True,recovered,1850147,2026-08-12 10:02:48+00:00
cb76fe29-44c6-4424-84be-a686a9307fb4,529070,abandoned_checkout,customer_abandoned,cust_631d076231e171ce,0,1,34,0,123911,,15,203,netbanking,False,not_recovered,0,2026-08-12 10:59:02+00:00
f730804b-5d6e-4e4c-a696-1237e8c94ea1,60416,failed,otp_timeout,cust_d6a7446f3b424c9b,0,0,14,1,271085,,,62,card,True,recovered,60416,2026-08-12 14:42:29+00:00
a7c6556a-aa36-4b1d-8679-1750900fbd7f,848641,failed,card_declined,cust_c40b4bcab0285770,0,0,11,2,107483,,,274,upi,False,not_recovered,0,2026-08-12 15:03:03+00:00
c6afbc95-b44c-4968-a4ec-6e4dfa6dddc4,1059603,succeeded,,cust_repeat_106,3,4,258,5,122318,162,79,148,netbanking,False,not_recovered,0,2026-08-12 16:27:23+00:00
a164f876-3b99-43e1-a187-18387db53cac,287323,abandoned_checkout,customer_abandoned,cust_585fae42ad483a14,0,0,55,1,157325,,,429,upi,True,recovered,287323,2026-08-12 18:22:05+00:00
6715958b-42e7-41f1-976e-bb27e501d6c7,1489727,failed,otp_timeout,cust_repeat_93,5,0,772,3,708005,152,,280,card,True,recovered,1489727,2026-08-12 19:06:36+00:00
081b5393-8862-41b6-8b5c-ac63ff2a5ef7,1821457,failed,insufficient_funds,cust_a9ca8fc72d29bb16,0,0,21,1,128125,,,201,netbanking,False,not_recovered,0,2026-08-12 19:17:11+00:00
37472163-5b35-4fb9-abbf-d4ebf94577d8,113904,succeeded,,cust_05bb355ed6d972a9,0,0,39,2,185845,,,130,upi,False,not_recovered,0,2026-08-12 19:48:15+00:00
19b443e4-562e-443b-a77b-cbfb32304a2a,1517839,failed,insufficient_funds,cust_af3739bc4b716148,3,3,38,1,22973,83,29,127,card,False,not_recovered,0,2026-08-12 19:48:22+00:00
adbf9b1d-4002-4b33-aa08-a3ed2ed2a843,502417,succeeded,,cust_880f2462cc01fded,0,0,0,0,33086,,,46,upi,False,not_recovered,0,2026-08-12 19:56:56+00:00
384857d1-9d9b-4e65-9804-1e886f9f923d,1860494,failed,network_error,cust_413380cb5dc95de7,0,0,4,1,85759,,,269,card,False,not_recovered,0,2026-08-12 22:11:04+00:00
8dde938a-b437-4c1d-869e-4f92a421dc19,850170,succeeded,,cust_52b6a6c37df88cbf,0,0,38,2,222044,,,154,netbanking,False,not_recovered,0,2026-08-12 23:04:08+00:00
e4a990aa-d8ac-4531-b278-28ea40e86190,1828162,failed,network_error,cust_64706b41b75b5357,0,1,9,2,293546,,157,237,card,True,recovered,1828162,2026-08-12 23:36:57+00:00
0265b05d-cd98-415e-b5a2-b93cdf4f48a8,1108850,failed,card_declined,cust_bbe373888c2d7a5a,0,0,16,1,260332,,,264,upi,False,not_recovered,0,2026-08-13 00:29:37+00:00
92727d40-edd7-43cd-b119-461f4cb6d085,1719773,failed,otp_timeout,cust_bee1cd0650a39d0e,0,0,22,1,190381,,,200,card,True,recovered,1719773,2026-08-13 01:42:00+00:00
330053d2-f5a7-45a3-9b6f-0030f1fb15d2,90292,succeeded,,cust_repeat_59,2,0,127,5,366097,163,,66,netbanking,False,not_recovered,0,2026-08-13 04:00:01+00:00
0a9503f5-9526-43f9-b0df-c004d9fccd17,1410032,failed,network_error,cust_cb5b13ba0973a0e2,0,0,16,1,47306,,,343,upi,True,recovered,1410032,2026-08-13 04:09:29+00:00
43956834-a58c-43b7-88da-29814471e9ec,1337857,succeeded,,cust_6cdea5b9a2145128,0,2,42,1,232305,,125,143,upi,False,not_recovered,0,2026-08-13 05:44:16+00:00
601fd279-d07e-4dc9-a17a-4a8a92158dc1,483726,succeeded,,cust_0ff8b89f1462e29c,0,0,4,2,187711,,,92,netbanking,False,not_recovered,0,2026-08-13 06:44:54+00:00
5b983bb7-02ec-4693-a614-a1cdf8c09c13,545730,failed,network_error,cust_repeat_178,6,0,656,0,706563,3,,54,upi,True,recovered,545730,2026-08-13 07:54:02+00:00
761199ed-93df-4cd0-9b38-e9a38d0676d0,646822,failed,network_error,cust_e57cd9c4e5da3394,0,0,19,0,128470,,,353,netbanking,True,recovered,646822,2026-08-13 08:58:22+00:00
5a0063bc-a1a8-49cf-9d2c-1100de8166dd,642220,succeeded,,cust_repeat_176,5,0,458,0,149648,97,,132,card,False,not_recovered,0,2026-08-13 09:25:44+00:00
9c99a43e-acdf-4df4-9b5e-8754878eb19f,1689927,abandoned_checkout,customer_abandoned,cust_b6fc89a35ac45406,0,0,49,1,223829,,,322,netbanking,False,not_recovered,0,2026-08-13 10:47:36+00:00
9b9849e8-80ca-4769-808f-0211bbec6ede,368261,succeeded,,cust_f39cff82c5bcb5e1,0,0,28,1,253824,,,97,card,False,not_recovered,0,2026-08-13 11:06:10+00:00
86096ce0-648f-44e2-803a-cd8f559f49e9,1630492,abandoned_checkout,customer_abandoned,cust_c4d18e56d8200a7a,0,0,56,2,174077,,,553,netbanking,False,not_recovered,0,2026-08-13 11:51:16+00:00
e9c2342b-4dd1-4c28-b46b-46f735208661,1917933,abandoned_checkout,customer_abandoned,cust_repeat_134,4,0,128,3,339943,293,,318,upi,True,recovered,1917933,2026-08-13 12:32:39+00:00
7bcd0208-5f3f-4ca4-876c-0a7ff25c0a1f,1929349,abandoned_checkout,customer_abandoned,cust_repeat_2,8,2,584,6,315108,112,93,158,netbanking,True,recovered,1929349,2026-08-13 13:10:46+00:00
e0cba411-03d0-4e2f-870d-cc51f94b47e8,126260,succeeded,,cust_ef36fa4744034bc1,0,0,12,2,100841,,,39,card,False,not_recovered,0,2026-08-13 14:53:23+00:00
a02fb582-1aa3-4aeb-9834-cde9f58e4ea6,589199,abandoned_checkout,customer_abandoned,cust_repeat_183,3,0,122,2,216749,86,,352,card,False,not_recovered,0,2026-08-13 15:31:07+00:00
07fec2dd-f83a-459b-bc7f-4a9271ab9e3f,1895578,abandoned_checkout,customer_abandoned,cust_250c37d7a4efbc36,0,0,28,0,48973,,,363,upi,True,recovered,1895578,2026-08-13 15:43:13+00:00
e312520f-c982-4b63-a714-55370a7d2fee,888598,succeeded,,cust_3c35fcc4014073e1,0,0,48,2,101871,,,137,card,False,not_recovered,0,2026-08-13 15:45:45+00:00
2b605bc1-246a-419c-b456-532ec50166a3,700652,succeeded,,cust_c854e34a4de37ff8,0,0,49,1,263077,,,87,card,False,not_recovered,0,2026-08-13 16:38:13+00:00
ec2cf7fc-524f-4276-a60e-6e1862400d84,481688,abandoned_checkout,customer_abandoned,cust_a8f206f9ca56109a,0,0,12,0,148707,,,277,card,False,not_recovered,0,2026-08-13 16:43:22+00:00
9efbf2dd-f483-4e41-874c-7fa6eeeb4c0e,1117038,succeeded,,cust_e8c803aee9dc43fa,8,4,826,5,151297,81,88,106,card,False,not_recovered,0,2026-08-13 17:30:39+00:00
ee8c1ff3-8d3e-4709-9a60-2770beb36322,1914141,abandoned_checkout,customer_abandoned,cust_4c13c7f4c62bcab5,0,0,11,2,264786,,,509,upi,False,not_recovered,0,2026-08-13 17:55:22+00:00
cb7a82f7-9381-4b35-99cc-6d2b256ab0a7,1631852,failed,card_declined,cust_f376689fc4d6696d,0,0,26,0,86516,,,34,upi,True,recovered,1631852,2026-08-13 18:58:54+00:00
7bf6b606-5384-4207-9f81-66855a8b6018,1751680,failed,network_error,cust_repeat_71,8,0,805,3,549342,82,,369,upi,True,recovered,1751680,2026-08-13 19:29:35+00:00
1477ef55-5038-4728-bb95-59170e4e40e6,1822679,succeeded,,cust_repeat_89,10,0,875,6,582262,85,,37,card,False,not_recovered,0,2026-08-13 19:39:45+00:00
c3487e4d-c335-44b3-bfaa-b128e59716ec,729673,failed,insufficient_funds,cust_fb95593f485a27b7,0,1,55,2,171001,,108,189,upi,True,recovered,729673,2026-08-13 20:25:36+00:00
6074642b-fd09-4659-8775-176e942ec0ed,1981491,failed,otp_timeout,cust_52fb2e37b49a8e0a,0,0,40,0,22063,,,201,upi,True,recovered,1981491,2026-08-13 21:17:32+00:00
e2d220a9-1eb1-4e70-b38a-702cf6fc1239,323846,abandoned_checkout,customer_abandoned,cust_4878436bfdad50f6,0,0,23,0,19964,,,72,upi,True,recovered,323846,2026-08-13 22:12:36+00:00
dd2701a2-06ae-4f53-92be-3fade2f4c824,1875200,failed,otp_timeout,cust_repeat_1,8,0,188,0,256170,83,,238,card,True,recovered,1875200,2026-08-13 22:24:53+00:00
1d5db2f0-01e9-4948-a074-e114600bda0b,1294878,succeeded,,cust_repeat_173,8,0,1168,5,471365,28,,32,card,False,not_recovered,0,2026-08-13 22:32:53+00:00
4500e15d-46ef-400d-89b2-e8957b2f74c5,1608399,abandoned_checkout,customer_abandoned,cust_20fc9ce7f8bef4eb,0,0,9,0,160399,,,238,upi,True,recovered,1608399,2026-08-14 00:19:40+00:00
7d071beb-0e30-43c2-9abb-4fb5e99f2441,1674731,failed,network_error,cust_6e69b36bd94d1c10,0,0,35,2,250329,,,100,upi,True,recovered,1674731,2026-08-14 02:36:05+00:00
b1e8086b-f264-465f-9217-8af05cce860b,578130,succeeded,,cust_33971efe48e4b844,0,0,32,0,295871,,,90,netbanking,False,not_recovered,0,2026-08-14 03:38:06+00:00
7809889f-9802-4511-a150-0d9b626d7762,338690,failed,otp_timeout,cust_7706b7b4c1b65e79,0,0,55,2,25830,,,67,card,True,recovered,338690,2026-08-14 04:07:00+00:00
ba011801-67ea-4784-a933-7738c1fe47bc,42651,failed,network_error,cust_a734e8cd419af4f3,0,0,53,1,245622,,,368,card,True,recovered,42651,2026-08-14 04:18:35+00:00
5fec86b9-ef63-43ea-8146-487e930fd5bf,123480,failed,network_error,cust_4cfd8886d75e1bd3,0,0,27,1,196191,,,118,upi,True,recovered,123480,2026-08-14 05:00:24+00:00
395045f9-7dbd-4d8e-b637-a1e816045f8d,831236,failed,insufficient_funds,cust_a210886c86c89865,0,0,49,2,229363,,,321,card,False,not_recovered,0,2026-08-14 05:22:14+00:00
86d44118-9ec2-4011-834b-b7c4bee68531,1680345,succeeded,,cust_repeat_101,5,3,940,0,552848,180,38,177,card,False,not_recovered,0,2026-08-14 05:31:46+00:00
8dd7e158-6ffd-485a-81f6-10dfae9bf7bf,455928,abandoned_checkout,customer_abandoned,cust_8e14f46a1c1bdf61,0,0,55,0,22028,,,493,upi,True,recovered,455928,2026-08-14 06:18:57+00:00
8254111c-ff2a-49f7-b027-307c4dafc930,1009762,succeeded,,cust_464ae5f79d5f18e5,0,0,49,0,136334,,,94,netbanking,False,not_recovered,0,2026-08-14 07:05:29+00:00
fff96463-1b25-4205-807c-f30d4e162b44,189543,failed,network_error,cust_7ffe0297c79bfbda,0,0,44,1,247893,,,158,upi,True,recovered,189543,2026-08-14 07:05:37+00:00
d20907ac-a2ee-4474-8c6a-cbc9a7b4e08a,1615750,succeeded,,cust_d43e3bb6ad177207,0,2,47,1,291132,,146,41,card,False,not_recovered,0,2026-08-14 08:49:10+00:00
34f08824-1ede-4a37-8860-3629fdc08c24,854506,succeeded,,cust_repeat_155,9,0,623,8,134488,175,,42,netbanking,False,not_recovered,0,2026-08-14 09:57:33+00:00
dfa89555-5e2e-45d4-9aa5-b85b51f50f54,583629,succeeded,,cust_5f24ddcdfc016b0a,0,0,12,2,19393,,,31,netbanking,False,not_recovered,0,2026-08-14 10:06:01+00:00
0813a50d-e9a9-4455-943e-c3e55a1433ea,943851,abandoned_checkout,customer_abandoned,cust_a4dd67b2a0e0a64c,2,3,92,5,78890,318,62,141,card,False,not_recovered,0,2026-08-14 10:20:14+00:00
ab37929f-00f2-4e37-ad23-19613eb184d9,99561,failed,network_error,cust_011d9ed2994ef7aa,0,2,42,1,37523,,73,110,netbanking,True,recovered,99561,2026-08-14 10:22:42+00:00
bae4709f-402d-451a-a83f-695d120683ac,79160,failed,network_error,cust_76d7f1507e52699e,0,1,6,2,226118,,116,241,upi,False,not_recovered,0,2026-08-14 10:30:59+00:00
7cca218a-f6ce-4492-a86c-eb5ca52dfd05,1585287,failed,network_error,cust_repeat_20,2,0,30,2,304042,141,,280,upi,True,recovered,1585287,2026-08-14 12:20:28+00:00
13586ef9-1c58-4e2a-9213-3d8edfc2dce0,945122,succeeded,,cust_3b52399d17c67cf9,4,3,371,0,164611,260,85,180,netbanking,False,not_recovered,0,2026-08-14 12:42:32+00:00
89cdc89d-89d1-440a-ad19-237a1243c75c,522053,failed,card_declined,cust_adb7a564dd1018e0,0,0,47,2,51251,,,55,card,True,recovered,522053,2026-08-14 13:57:17+00:00
6c3891e7-7ab8-483c-9b78-3c3b19e66d56,1610433,abandoned_checkout,customer_abandoned,cust_43f1b9cd4ebab2de,0,0,56,1,32374,,,118,netbanking,True,recovered,1610433,2026-08-14 14:46:04+00:00
05b17ca1-a907-4a13-b700-6315c25ebaab,1983838,succeeded,,cust_repeat_21,7,0,988,0,509595,189,,107,netbanking,False,not_recovered,0,2026-08-14 14:54:35+00:00
83120ba7-00ae-4151-8b77-9f7a08b27d01,191339,failed,card_declined,cust_d581a3d74736f0af,0,0,42,2,164272,,,59,card,True,recovered,191339,2026-08-14 17:00:08+00:00
816a3cd3-f215-4853-82ed-a613ce3955d5,118512,failed,insufficient_funds,cust_d9b61e8e2680b380,0,0,3,1,47694,,,303,card,False,not_recovered,0,2026-08-14 17:10:16+00:00
a76507b1-45df-4561-8840-e1c2ebe98c0e,549220,succeeded,,cust_73d8a0d1a9336f37,0,0,43,2,162358,,,138,netbanking,False,not_recovered,0,2026-08-14 17:56:01+00:00
6f653fcc-45b2-4f20-b3bb-b6432b8e26fb,1371071,failed,network_error,cust_066278da15fad179,0,0,47,2,190408,,,212,card,True,recovered,1371071,2026-08-14 19:09:45+00:00
f1b0219f-4d0e-4b20-a09a-51934317935c,1082957,failed,insufficient_funds,cust_repeat_59,5,0,209,0,205965,127,,346,upi,False,not_recovered,0,2026-08-14 21:21:35+00:00
05daee8c-d394-427a-a862-d4c01d787d67,394411,abandoned_checkout,customer_abandoned,cust_6ef635b59bf13733,0,0,28,0,194054,,,184,upi,True,recovered,394411,2026-08-14 23:09:27+00:00
22b7cc5c-b046-4b74-af35-474d75cfcff3,1763940,succeeded,,cust_7c9c31ffee4454d9,0,0,46,1,54340,,,112,card,False,not_recovered,0,2026-08-14 23:56:31+00:00
07abe8a5-6f84-4430-8ad9-cc8d9849475d,492585,failed,card_declined,cust_91a278959d4f3467,0,0,60,0,39006,,,228,upi,True,recovered,492585,2026-08-15 00:10:18+00:00
63b472ac-6538-405d-9d7a-45091c0978d0,173227,succeeded,,cust_013e1ce81fd5aa3c,0,0,9,2,67588,,,123,netbanking,False,not_recovered,0,2026-08-15 00:37:54+00:00
44433b27-70fe-403d-acff-0ccbf10cab48,166986,succeeded,,cust_f945313f4f842a2f,0,0,1,1,267077,,,175,upi,False,not_recovered,0,2026-08-15 01:06:20+00:00
c40cfc13-9812-49c0-88d1-ef72e778ce84,1394977,succeeded,,cust_43b218bc598d5413,0,2,21,1,232834,,105,85,netbanking,False,not_recovered,0,2026-08-15 01:14:52+00:00
f1fa99e0-79d1-4cd7-ad48-385adf439b29,417466,abandoned_checkout,customer_abandoned,cust_repeat_102,3,1,135,5,337757,434,164,193,card,True,recovered,417466,2026-08-15 02:04:55+00:00
e578d317-210c-4819-8ef6-12c99ca985ed,556778,failed,otp_timeout,cust_9e1c87f2c169f723,0,2,2,1,74414,,90,214,upi,True,recovered,556778,2026-08-15 02:43:39+00:00
2bee7249-de10-4936-9e84-0e40d6e64581,670698,failed,card_declined,cust_repeat_151,4,0,44,6,191854,291,,240,upi,False,not_recovered,0,2026-08-15 02:57:21+00:00
b6f6cd5f-63db-477c-8af8-eff591964f23,1952441,failed,insufficient_funds,cust_6da32780dbbe5030,0,0,17,2,110948,,,108,card,True,recovered,1952441,2026-08-15 03:06:52+00:00
d3ba5ad2-2b5b-4c84-9e7d-f3e3514227c9,1570838,succeeded,,cust_7820dbe4edcbd51d,0,0,40,1,35825,,,90,netbanking,False,not_recovered,0,2026-08-15 04:25:23+00:00
4eefd39b-2537-4947-9531-8a864f3faf54,837394,abandoned_checkout,customer_abandoned,cust_49192be8f6688437,0,0,3,0,288418,,,291,netbanking,False,not_recovered,0,2026-08-15 04:43:33+00:00
c1fbcd2f-7ff5-44bc-824c-eb96ff6828cb,707722,failed,network_error,cust_8f3a0a346ef5311f,0,0,18,1,144823,,,260,netbanking,True,recovered,707722,2026-08-15 06:16:40+00:00
18db0a44-caf0-4e57-a95b-25e210b72879,277946,failed,insufficient_funds,cust_dc1ce79fdf29d74b,0,0,39,2,56675,,,394,card,True,recovered,277946,2026-08-15 06:44:11+00:00
3129dbba-f625-46fa-9bd5-f9ea015ab310,794148,failed,otp_timeout,cust_a5d5148f8f3355c6,0,0,47,1,203142,,,82,upi,True,recovered,794148,2026-08-15 07:08:50+00:00
89f60d1c-7de9-4848-a195-d333f052fb36,913144,succeeded,,cust_38387b2ac0b384ef,0,0,43,0,91831,,,46,upi,False,not_recovered,0,2026-08-15 07:38:29+00:00
669945f3-287b-4833-a842-7f8975b4807b,1791233,succeeded,,cust_f2540e4a19a590d1,0,0,39,2,234664,,,62,upi,False,not_recovered,0,2026-08-15 07:45:21+00:00
0e097430-fb34-4e7d-b75c-4c6f336ded9e,1003542,failed,card_declined,cust_1676e7c69dc5b824,0,0,18,0,243048,,,285,upi,False,not_recovered,0,2026-08-15 07:49:26+00:00
dfbe8c91-989b-416b-be7d-2d38ae711abf,526472,abandoned_checkout,customer_abandoned,cust_repeat_70,7,0,824,3,732207,54,,111,card,False,not_recovered,0,2026-08-15 08:01:39+00:00
126ed136-8db3-41b0-ac13-82b0ad665f08,1174105,abandoned_checkout,customer_abandoned,cust_2fb012c718a61c7a,0,0,34,2,273738,,,208,upi,False,not_recovered,0,2026-08-15 08:41:11+00:00
f16370d8-41d2-49ce-ae12-540a50d46fcc,108835,succeeded,,cust_95f97dc7afde2806,0,0,49,2,15769,,,43,upi,False,not_recovered,0,2026-08-15 09:58:46+00:00
3b1774f7-42ad-4063-84de-2767b2d1ef28,37834,succeeded,,cust_85b23216b9095925,0,2,36,1,245133,,160,180,card,False,not_recovered,0,2026-08-15 10:02:50+00:00
ba74d739-9bf8-436c-b3aa-79321fb53dee,1769901,succeeded,,cust_94dc1d0f4c3ed0e5,0,0,13,2,172268,,,173,netbanking,False,not_recovered,0,2026-08-15 10:13:56+00:00
b0e1feef-3eb8-412f-8b01-243ef5bac029,445426,succeeded,,cust_5c67bc82c5f15a43,0,0,46,1,56211,,,98,netbanking,False,not_recovered,0,2026-08-15 10:38:13+00:00
720435cd-550e-4496-a0dd-2427d4fb26d8,977787,abandoned_checkout,customer_abandoned,cust_08c3c5496dbdf504,0,0,16,0,264894,,,142,card,True,recovered,977787,2026-08-15 11:05:48+00:00
f7d55659-4208-49fd-b1fb-cbd81df2d850,1235739,failed,card_declined,cust_14d05884172b4a80,0,0,12,1,173671,,,98,card,True,recovered,1235739,2026-08-15 11:06:33+00:00
378651fb-e8dc-4be5-b3a8-bd2eab6ade1a,1748806,failed,otp_timeout,cust_9994045848c627e7,0,0,4,1,167393,,,207,card,True,recovered,1748806,2026-08-15 12:16:02+00:00
ff6d9428-ea8f-4d48-90f5-fb8a54e1b98e,327139,succeeded,,cust_repeat_149,2,2,325,0,140493,353,63,84,upi,False,not_recovered,0,2026-08-15 13:02:56+00:00
794ba38e-ea31-4d57-a9b1-fbb580f28f04,950568,abandoned_checkout,customer_abandoned,cust_repeat_66,5,0,237,3,696078,175,,84,card,True,recovered,950568,2026-08-15 13:15:02+00:00
ec19ae6b-b97b-43c1-b577-659bf7f7196b,556935,failed,network_error,cust_4bcc2424de9cf9fd,0,0,12,2,54708,,,312,upi,True,recovered,556935,2026-08-15 14:28:38+00:00
2f54eabe-f2dc-4158-b52c-94bd400dd07c,1962846,abandoned_checkout,customer_abandoned,cust_d32d5b9639a7da36,0,0,58,0,281211,,,504,card,True,recovered,1962846,2026-08-15 16:08:37+00:00
2408edf9-805e-4318-951b-3628dfec9c94,1567210,succeeded,,cust_e220e5b0570b0dde,0,0,16,0,293581,,,116,card,False,not_recovered,0,2026-08-15 16:54:51+00:00
ff39be37-7854-42e6-ba8f-a0b27176c9aa,1552306,failed,insufficient_funds,cust_767b4332f01fbaf8,0,0,11,1,277981,,,163,upi,True,recovered,1552306,2026-08-15 17:14:36+00:00
0a2cff34-906c-459a-bc0e-a48f390d835f,1339880,failed,insufficient_funds,cust_dfea9cbd3f59e079,0,0,51,1,230807,,,346,card,False,not_recovered,0,2026-08-15 19:25:34+00:00
cd04ed62-7b6f-411d-a720-d1c09e5c3209,23413,succeeded,,cust_repeat_197,3,0,217,2,292737,476,,118,netbanking,False,not_recovered,0,2026-08-15 20:47:45+00:00
42ccc454-ed9e-45d2-af47-825c33edd989,1698060,succeeded,,cust_f90af289cbdf81cf,0,0,23,0,169346,,,94,upi,False,not_recovered,0,2026-08-15 20:59:54+00:00
6db27ce3-fff0-4108-a460-e3137f02e9ae,1108629,failed,network_error,cust_11b35000ac90b256,0,0,39,2,271200,,,113,netbanking,True,recovered,1108629,2026-08-15 21:34:34+00:00
3f9271b2-7f07-462d-8b6a-59067d83297b,779315,failed,otp_timeout,cust_476b79620dbe7a2f,0,0,21,1,143022,,,213,netbanking,True,recovered,779315,2026-08-15 22:23:37+00:00
7fe1bde8-e07f-4889-8c1e-56fb9159850c,349998,failed,network_error,cust_1d99e95346080eff,0,1,51,2,13014,,156,272,card,True,recovered,349998,2026-08-15 23:19:26+00:00
e52075f1-fee3-4201-869a-04b42681cbe0,548465,succeeded,,cust_39b5d07919e4fab6,3,3,52,5,139308,42,49,66,upi,False,not_recovered,0,2026-08-16 01:15:32+00:00
87886938-6dca-45cd-899e-8e3855a8e9f8,499839,succeeded,,cust_ec74ec2d1b23f058,4,3,249,3,407876,147,114,94,netbanking,False,not_recovered,0,2026-08-16 01:28:58+00:00
5103698f-8040-4997-95b4-1dc446ca63d7,1642247,abandoned_checkout,customer_abandoned,cust_657ea0f54a4ba8ba,0,0,13,0,69940,,,490,card,False,not_recovered,0,2026-08-16 01:46:25+00:00
eddf31b0-9279-47a7-8636-71ff5e68c71c,430210,failed,network_error,cust_2a6feaa9da53e1f7,0,1,40,0,126929,,59,258,netbanking,True,recovered,430210,2026-08-16 03:40:33+00:00
5334969d-95a2-4a8a-9f0c-e9b4b75f4886,1332499,abandoned_checkout,customer_abandoned,cust_e641607fc29fe01a,0,0,21,0,32447,,,475,card,True,recovered,1332499,2026-08-16 05:22:38+00:00
f97fdd4b-dd3c-4dd6-8b3d-3fd84c0073c1,1665522,abandoned_checkout,customer_abandoned,cust_ec3c0aaf2e91b9c2,0,0,17,1,28276,,,587,card,False,not_recovered,0,2026-08-16 05:39:22+00:00
a9d05ec5-7400-4387-9d5c-c06b20cb78ae,1313754,failed,card_declined,cust_d2d1c171900a8d02,0,0,49,2,115154,,,80,upi,True,recovered,1313754,2026-08-16 05:54:25+00:00
43e20984-b258-4226-8d6b-4c3d565367d2,1395913,succeeded,,cust_b8203e55c12d9aee,0,0,51,2,148975,,,117,card,False,not_recovered,0,2026-08-16 06:05:16+00:00
250e94ec-096d-47ee-b198-ea48dfa0e559,1056530,failed,insufficient_funds,cust_repeat_38,4,1,330,0,90255,445,82,65,netbanking,True,recovered,1056530,2026-08-16 06:37:26+00:00
c8f6a7c2-1878-4774-b766-e51f532e0b29,297964,failed,insufficient_funds,cust_3c0e6c1eec66c325,0,0,58,2,280792,,,82,card,False,not_recovered,0,2026-08-16 07:45:15+00:00
2363c6d2-bf93-4e24-a7cc-053e0d41e47c,1535590,succeeded,,cust_4aa0e86a0b5b8f07,0,0,27,2,231223,,,102,upi,False,not_recovered,0,2026-08-16 07:52:51+00:00
f578d169-3be2-4ecb-bd72-f1b76e231ea5,1617965,failed,network_error,cust_25f34da67e2e0d98,0,0,25,0,163058,,,100,card,True,recovered,1617965,2026-08-16 11:42:19+00:00
96dce932-03f9-46e0-a300-937c09bf26d9,547761,failed,otp_timeout,cust_repeat_105,3,0,83,0,341868,380,,256,upi,True,recovered,547761,2026-08-16 13:27:48+00:00
08e5c4d1-0a3d-4c42-b447-be932a6f83a7,1213770,abandoned_checkout,customer_abandoned,cust_a974ed6db488f3d2,0,0,50,2,279835,,,204,upi,False,not_recovered,0,2026-08-16 16:26:17+00:00
cad69d55-e106-47a5-86f4-b230243c7547,1049738,succeeded,,cust_6ee1f1b0e0b0c4c6,0,0,28,0,222160,,,75,upi,False,not_recovered,0,2026-08-16 16:28:10+00:00
dcb9b770-71d1-4dc1-a0d4-0b8e32217c0f,1134555,failed,network_error,cust_repeat_159,6,0,749,4,412482,131,,218,card,True,recovered,1134555,2026-08-16 17:08:08+00:00
4dc11dde-9dc3-4704-a952-0d5896072087,47250,failed,card_declined,cust_c668cc0389c14ca7,0,0,43,0,126881,,,59,upi,True,recovered,47250,2026-08-16 17:20:54+00:00
a01cacdf-2723-421d-9f02-0346c2407886,603050,succeeded,,cust_9f0104dec99dfc9e,0,0,28,2,172272,,,52,upi,False,not_recovered,0,2026-08-16 17:27:41+00:00
3994210e-9701-48a6-ae42-1c4b0cae1397,245164,failed,otp_timeout,cust_3b9e68961a7f0763,0,0,13,2,230874,,,62,card,True,recovered,245164,2026-08-16 17:46:21+00:00
2c7ce81f-acdf-474a-bea1-7e43acfa9736,679546,succeeded,,cust_22afb14e51816cbe,0,1,22,2,228997,,48,95,card,False,not_recovered,0,2026-08-16 19:36:14+00:00
fd00eeb7-0788-4368-8d9d-0dba5cc401aa,988573,abandoned_checkout,customer_abandoned,cust_bc8d5f4162b93dcc,0,0,23,1,22517,,,382,upi,True,recovered,988573,2026-08-16 20:29:40+00:00
a0ef4f4a-6bd5-4240-b8c4-1db619ae1320,1833952,abandoned_checkout,customer_abandoned,cust_9a423ae57a128e6f,0,0,36,1,231522,,,200,upi,False,not_recovered,0,2026-08-16 22:49:32+00:00
a2364c99-ff37-450c-abb1-f03bcdb4ab2d,1723454,failed,insufficient_funds,cust_a5903744794642d3,0,0,1,0,263889,,,240,card,True,recovered,1723454,2026-08-16 23:14:05+00:00
fd53b47c-9e8f-4a60-9c80-4017c07d7d20,1712614,abandoned_checkout,customer_abandoned,cust_eb6e0708b62977fb,2,4,282,2,489222,384,156,274,card,False,not_recovered,0,2026-08-16 23:32:33+00:00
736297dc-9f28-43fc-8785-ceb1935cce83,825519,failed,insufficient_funds,cust_0fded2d8b78b8f55,0,0,54,0,281145,,,326,netbanking,False,not_recovered,0,2026-08-16 23:58:44+00:00
66b44791-147f-415d-bc09-208b7f861f71,1915825,failed,network_error,cust_96c002d032a6d0c9,0,0,38,0,166963,,,206,netbanking,True,recovered,1915825,2026-08-17 00:05:51+00:00
2e883dba-840a-4971-b085-cef8ab5f17ba,1431471,succeeded,,cust_fef3d3f3cbdbcced,0,0,2,1,207985,,,164,card,False,not_recovered,0,2026-08-17 01:04:30+00:00
e2427f85-e14b-4a77-9942-5038d27d0e78,1400153,failed,network_error,cust_66a104a85be61cc4,0,0,32,1,43370,,,135,card,True,recovered,1400153,2026-08-17 01:34:43+00:00
8d40919c-45d8-4d4a-93c1-c90eca7148e6,1831827,failed,network_error,cust_repeat_128,10,0,889,13,793432,158,,349,upi,True,recovered,1831827,2026-08-17 02:02:06+00:00
d37eec5a-6ec3-4279-a9ca-9c18e36ff036,127000,succeeded,,cust_cc3d70eced3a0ea6,0,0,6,0,16442,,,47,netbanking,False,not_recovered,0,2026-08-17 02:25:22+00:00
c0a76324-d118-4511-8de0-1dadf5ab68f5,1738309,failed,insufficient_funds,cust_repeat_141,3,0,372,5,468405,172,,249,card,True,recovered,1738309,2026-08-17 02:57:28+00:00
5474bb91-f011-4c5c-a2a6-67155bf70890,1172881,succeeded,,cust_58304c3a69e7bb5d,0,1,4,2,72124,,37,63,card,False,not_recovered,0,2026-08-17 04:40:31+00:00
1ad02e89-ddf6-4e0d-99f6-37283cab6e81,1040652,succeeded,,cust_4b0e97416b11edee,0,0,21,1,10307,,,38,upi,False,not_recovered,0,2026-08-17 06:30:20+00:00
d053e37c-7842-4c3f-84ca-5e257c72dc13,882013,failed,network_error,cust_9a4c0d55eac2920c,0,0,4,1,203257,,,334,card,True,recovered,882013,2026-08-17 06:38:45+00:00
45e73901-ddfd-4570-9962-e2674601c45a,1805326,failed,card_declined,cust_ad2442440d62c93f,0,0,4,1,127096,,,34,card,False,not_recovered,0,2026-08-17 07:07:11+00:00
f9b6b526-63bc-4a6c-a105-03afef660fe9,902315,failed,network_error,cust_repeat_59,3,0,336,2,474678,302,,229,upi,True,recovered,902315,2026-08-17 07:46:29+00:00
a0578262-354a-42ba-a43f-69d7942550ed,450831,failed,insufficient_funds,cust_0d3a6e443badc8e6,0,0,9,2,118413,,,219,upi,True,recovered,450831,2026-08-17 08:57:48+00:00
a8f67d11-ea32-4ca3-939e-1d2e949303d7,1186310,abandoned_checkout,customer_abandoned,cust_24aa04e4fa3d80e4,0,0,28,2,61089,,,97,card,False,not_recovered,0,2026-08-17 09:21:50+00:00
466cb6e4-f1c4-4436-b399-79a3b9fa3bf0,1367209,failed,card_declined,cust_39fd94b3b6fecf8d,0,0,48,0,231530,,,208,netbanking,True,recovered,1367209,2026-08-17 10:52:47+00:00
b58c06fb-3df5-42c3-9596-e196850d24bf,450861,failed,insufficient_funds,cust_repeat_82,10,2,667,3,226883,182,127,329,netbanking,True,recovered,450861,2026-08-17 11:13:08+00:00
1f562e86-3983-4dd0-b5a3-9f6558709280,895500,succeeded,,cust_898d625493ee8f6a,0,0,9,0,36021,,,166,card,False,not_recovered,0,2026-08-17 11:22:02+00:00
ad569cd2-e7ff-4aff-854d-5e7fcddd0558,431541,failed,otp_timeout,cust_95e425c8a96cfdfd,0,0,42,1,170315,,,219,upi,True,recovered,431541,2026-08-17 11:23:15+00:00
b3939dfc-4dba-4348-bdb4-cdfb620ea60a,1771150,failed,insufficient_funds,cust_repeat_37,5,0,452,2,422347,144,,271,card,True,recovered,1771150,2026-08-17 11:35:55+00:00
153dd54d-b178-4753-93cb-e28ebcd75322,1940690,failed,card_declined,cust_ecbfdcc8fc1b40a4,0,0,27,2,172975,,,188,upi,True,recovered,1940690,2026-08-17 12:24:24+00:00
f1bfea77-5778-4157-b2d2-7bc173d68db3,1240845,failed,insufficient_funds,cust_48aa73b25f464d84,0,0,22,2,61624,,,278,upi,False,not_recovered,0,2026-08-17 12:50:56+00:00
1a91589d-0b37-470b-b143-767acc8ebf28,1730065,succeeded,,cust_dbfea0e9a760d47b,0,0,51,1,222041,,,127,card,False,not_recovered,0,2026-08-17 13:14:44+00:00
b1d58f4b-50ae-448f-a295-7181c033c497,35084,failed,insufficient_funds,cust_eb7986102163324c,0,0,48,2,106871,,,76,netbanking,True,recovered,35084,2026-08-17 13:19:05+00:00
ddf0d7d8-7629-465f-a303-84389ebae5ce,141642,abandoned_checkout,customer_abandoned,cust_1990ee231db9aaed,8,3,947,3,340263,84,78,182,netbanking,False,not_recovered,0,2026-08-17 13:54:07+00:00
e8af54e4-934c-482a-be15-24a1ed51e5be,794452,succeeded,,cust_4ade095d8cfb119c,8,4,889,0,678580,100,57,159,netbanking,False,not_recovered,0,2026-08-17 14:09:37+00:00
c5cf01b4-6b5b-4182-ba1b-e46f935dc8c9,1020517,failed,otp_timeout,cust_b48a7d26e9956c19,0,0,17,0,149973,,,186,card,True,recovered,1020517,2026-08-17 15:28:16+00:00
9895d86c-256c-4fd0-b8e4-855cb9d4cb44,240968,succeeded,,cust_b0200ade7b5d7bb2,0,0,51,1,236596,,,91,upi,False,not_recovered,0,2026-08-17 15:48:58+00:00
b12bc737-cfee-4376-9b63-671d2fde9966,244778,failed,card_declined,cust_03f446c8ff36fa71,0,2,56,1,229794,,144,74,card,True,recovered,244778,2026-08-17 15:53:01+00:00
aa153044-bee2-4959-a9f5-f44b68fc3c25,413243,failed,network_error,cust_106927e78a849f32,0,0,56,1,174987,,,285,card,True,recovered,413243,2026-08-17 17:25:54+00:00
dfed35cf-1fd5-4634-9822-6e2fdc7ccd96,1589519,failed,insufficient_funds,cust_b8d812bbef3f9eb2,0,1,57,0,250057,,23,61,upi,False,not_recovered,0,2026-08-17 19:40:09+00:00
f6829bf8-f6f0-4f59-a7eb-42bfb522ed1c,355394,succeeded,,cust_03decabce7576c93,0,1,15,1,171104,,73,130,card,False,not_recovered,0,2026-08-17 23:51:32+00:00
eeee2817-f602-47f5-aa03-58362a63f679,1964051,failed,network_error,cust_1ac8c3d1fd4c96b0,0,0,36,0,180689,,,136,upi,True,recovered,1964051,2026-08-18 01:53:59+00:00
58e0ce2e-8162-415d-beb7-207730bdfb9e,107297,abandoned_checkout,customer_abandoned,cust_d870432cce7409ae,7,4,749,9,589408,116,83,250,card,False,not_recovered,0,2026-08-18 04:46:48+00:00
f0ef5964-091a-463e-aa56-aa64717b4e8b,198917,succeeded,,cust_387e98e13519bad3,0,2,54,0,34059,,3,65,netbanking,False,not_recovered,0,2026-08-18 05:20:20+00:00
d6b79320-b6a5-4e6b-a137-b84dabffe395,1477802,failed,card_declined,cust_1093c87ee143e08e,0,0,7,0,106435,,,194,netbanking,True,recovered,1477802,2026-08-18 06:22:55+00:00
5ac49587-6f0a-4ccc-9931-6fda63b274f9,535557,abandoned_checkout,customer_abandoned,cust_repeat_70,4,0,344,4,294696,71,,574,netbanking,True,recovered,535557,2026-08-18 07:31:30+00:00
c685a077-2651-4e83-a87a-ea0d0c555b7c,10969,failed,insufficient_funds,cust_4cf54160e212d556,0,1,37,2,255040,,97,351,upi,True,recovered,10969,2026-08-18 09:02:27+00:00
cd305009-82dc-42c1-91ac-b971e445ea36,544870,failed,network_error,cust_15a4b9d370e60f40,0,0,29,2,127314,,,304,netbanking,False,not_recovered,0,2026-08-18 09:31:39+00:00
599c4f6e-3119-4b54-91e9-9526ded66f1f,282752,failed,insufficient_funds,cust_0f5f1cd2a9bacc7b,0,1,20,1,165426,,21,287,card,True,recovered,282752,2026-08-18 11:28:23+00:00
d52b2cb3-7d5a-4d42-ad58-09247aa79297,835135,succeeded,,cust_repeat_164,5,0,1109,7,495139,136,,166,netbanking,False,not_recovered,0,2026-08-18 12:19:12+00:00
fb34a18f-cc19-468b-b72c-7570deb1b43d,1098546,succeeded,,cust_7a3f3d8bf3194a00,0,0,50,2,107715,,,160,upi,False,not_recovered,0,2026-08-18 12:51:12+00:00
34ef2f5c-9978-4517-aa9b-e36175b2a254,1500562,failed,otp_timeout,cust_8c142fe92e86196a,0,2,9,0,129737,,138,207,card,True,recovered,1500562,2026-08-18 13:39:39+00:00
b072691a-31aa-45c7-9e72-7e1550b3a0dd,467858,failed,card_declined,cust_repeat_118,5,2,354,2,597504,89,115,31,upi,True,recovered,467858,2026-08-18 13:50:19+00:00
e646277b-c0a4-4066-bec3-0e025515bdce,454311,failed,insufficient_funds,cust_c52efacc51bd6833,0,2,23,0,185883,,8,142,upi,True,recovered,454311,2026-08-18 14:22:14+00:00
61c920ff-040b-4834-8200-056e60ebddfa,1981197,failed,otp_timeout,cust_c19834777e43bdcd,0,0,21,2,166806,,,61,card,True,recovered,1981197,2026-08-18 14:44:15+00:00
bb19bcc1-8030-4749-a66f-e9009f03c9f5,554738,succeeded,,cust_6a9b54a2f8fa58ee,0,0,25,1,202003,,,110,card,False,not_recovered,0,2026-08-18 14:47:53+00:00
b3e2885f-759a-418d-9c72-a878394b1d4c,1514214,succeeded,,cust_621ae2e7563b9aa4,0,0,60,1,256046,,,141,netbanking,False,not_recovered,0,2026-08-18 15:40:27+00:00
8b2de351-2f81-42e2-8d6d-09e9384c4825,1430610,abandoned_checkout,customer_abandoned,cust_59f457e41e92fb6f,0,0,60,0,37240,,,499,card,True,recovered,1430610,2026-08-18 16:11:40+00:00
7edd8461-12a7-4f3c-9823-376c94fb8193,1801270,abandoned_checkout,customer_abandoned,cust_26a556a0c4f09138,0,0,4,1,100056,,,378,upi,True,recovered,1801270,2026-08-18 17:07:04+00:00
7c2fdc14-6726-4434-9a96-d25e8cb2e18a,1189583,abandoned_checkout,customer_abandoned,cust_d66fb827ff032237,0,0,50,0,258120,,,393,netbanking,True,recovered,1189583,2026-08-18 17:46:40+00:00
95c1e4c2-8cd7-4c4d-b515-0db3dd798308,990385,failed,otp_timeout,cust_4fdbd284abee51a4,0,0,21,2,293226,,,343,netbanking,False,not_recovered,0,2026-08-18 18:15:11+00:00
d82b2abd-534d-4b5a-84c1-68bd94d21eb2,1906134,failed,otp_timeout,cust_repeat_199,8,0,816,0,397004,122,,372,upi,True,recovered,1906134,2026-08-18 18:21:38+00:00
ba780629-12b1-41ee-a581-424c337e234b,689857,succeeded,,cust_repeat_134,9,3,526,4,738038,21,39,35,card,False,not_recovered,0,2026-08-18 18:30:22+00:00
576cdee8-6e7f-4b0f-8832-211f71b795a1,1993995,succeeded,,cust_repeat_100,9,2,457,2,373700,51,6,157,upi,False,not_recovered,0,2026-08-18 19:32:54+00:00
e64cf614-0d8b-4576-aa98-d67d305e5bc5,1341357,failed,card_declined,cust_2c6d6f8a9a4fa113,0,0,50,2,250953,,,28,card,False,not_recovered,0,2026-08-18 19:56:10+00:00
b71af451-6a0f-4e11-acc9-3f1a3347c4f8,1224614,abandoned_checkout,customer_abandoned,cust_e0dc3a7d1f1e4040,0,2,59,0,122545,,141,162,card,True,recovered,1224614,2026-08-18 19:58:58+00:00
ce3fd59a-1a9c-4e3a-b504-6f26bb939b7b,916000,succeeded,,cust_ea5637699af3964a,0,2,12,0,217743,,44,70,netbanking,False,not_recovered,0,2026-08-18 20:55:38+00:00
36233635-cddd-46ff-8872-91cba9bc49e8,293364,succeeded,,cust_ac3de432f04a89ca,0,0,2,1,92338,,,100,netbanking,False,not_recovered,0,2026-08-18 21:27:11+00:00
16dd8f21-7c42-4ea4-aaf4-82770aa18a6e,1440761,abandoned_checkout,customer_abandoned,cust_37b42a13d94c20f0,0,2,12,0,200829,,12,595,upi,False,not_recovered,0,2026-08-18 21:37:01+00:00
a5c0b165-984a-438d-bc58-e74fbac186ab,680645,succeeded,,cust_63d09736c2f51636,0,0,39,1,191331,,,119,netbanking,False,not_recovered,0,2026-08-19 00:22:25+00:00
10b5e886-6a5a-4bf7-a093-2fd92c60a7e3,1336243,succeeded,,cust_770738b57f069c66,0,2,56,2,104724,,132,143,upi,False,not_recovered,0,2026-08-19 01:15:53+00:00
a22cd73c-d4d4-4901-9f92-c588b38c2a25,1217533,abandoned_checkout,customer_abandoned,cust_c6273931bdb2a0df,0,0,27,0,199890,,,530,netbanking,False,not_recovered,0,2026-08-19 01:45:09+00:00
da6a2836-62ee-4367-aa92-38a149527a2d,1799287,failed,otp_timeout,cust_repeat_188,2,2,306,1,239679,276,24,377,netbanking,True,recovered,1799287,2026-08-19 03:02:17+00:00
c5308f43-daac-47d1-a3ce-e8a1f4b23e72,744857,succeeded,,cust_repeat_70,4,0,93,6,395622,402,,179,netbanking,False,not_recovered,0,2026-08-19 03:05:11+00:00
c0a07b37-dab8-4786-8d68-526e0fb2acf7,43239,abandoned_checkout,customer_abandoned,cust_a14750444f1169bd,0,0,26,0,100397,,,238,netbanking,False,not_recovered,0,2026-08-19 03:37:45+00:00
ff70b59b-6a0f-4b43-a951-82a50eda273f,327951,failed,network_error,cust_74dddeb0e4022aac,0,0,27,0,42227,,,221,card,True,recovered,327951,2026-08-19 04:07:42+00:00
141039f6-15c5-4243-bae3-60317f70a218,1593874,failed,card_declined,cust_de5fe878f78e2978,0,0,20,1,293195,,,61,card,True,recovered,1593874,2026-08-19 04:16:11+00:00
782ffaa5-d579-48cd-8c99-225af4fcb5ed,1790473,succeeded,,cust_9e8cda7a6d4a7496,0,0,48,2,213558,,,156,netbanking,False,not_recovered,0,2026-08-19 04:22:54+00:00
09de30ee-46fd-4f3f-ab58-5447a263b2bb,518553,failed,otp_timeout,cust_434c0db132f504b4,0,1,15,0,50404,,4,311,upi,True,recovered,518553,2026-08-19 05:34:01+00:00
9427883c-a6bd-4a98-ab6a-75bf248caccb,183865,succeeded,,cust_23ad14fc68ffdd1a,0,0,58,1,273415,,,115,upi,False,not_recovered,0,2026-08-19 05:37:23+00:00
60733b49-101b-4317-aa40-6dec0ec30f60,305269,succeeded,,cust_7bbbe478c63d20ba,0,0,31,2,201720,,,83,card,False,not_recovered,0,2026-08-19 05:43:09+00:00
da6a231f-7108-4bf7-bf47-10ced3f0a703,1741629,succeeded,,cust_391c21abdd370c19,0,0,2,2,177413,,,168,netbanking,False,not_recovered,0,2026-08-19 05:43:36+00:00
4f01623c-31fe-4ef9-bd9f-c7a1759228d4,1306607,failed,card_declined,cust_ccb924e537cea3d9,0,0,44,1,74882,,,180,card,True,recovered,1306607,2026-08-19 05:46:52+00:00
9ca3cd8b-4e96-4749-9add-aa368ac718cc,244877,failed,network_error,cust_repeat_195,3,0,171,3,373216,216,,59,upi,True,recovered,244877,2026-08-19 06:45:20+00:00
26c4a19f-4e12-4fa6-8c64-9f28d1c63ad6,1531696,succeeded,,cust_2488738280f786ef,0,2,48,2,295208,,39,107,card,False,not_recovered,0,2026-08-19 06:52:59+00:00
fa34ddc4-9a7b-4bac-aeae-4063740db94e,867289,failed,insufficient_funds,cust_3c56d8bfb1cd77f1,0,0,40,1,24814,,,377,netbanking,False,not_recovered,0,2026-08-19 07:42:09+00:00
b26bc9b4-2161-4367-a9b0-c8e3de4187c5,1431333,failed,network_error,cust_f34ab7a05ede80c9,0,0,50,0,91193,,,98,upi,True,recovered,1431333,2026-08-19 08:07:15+00:00
cfb9b1af-09b9-4cb7-b572-63998548ad9e,102508,succeeded,,cust_5cb0f5010be02f96,0,1,42,2,178716,,115,112,netbanking,False,not_recovered,0,2026-08-19 08:53:48+00:00
17c433ab-26fd-4cd2-a958-c1999282299d,1606682,failed,card_declined,cust_repeat_6,8,2,983,11,44136,71,36,317,upi,True,recovered,1606682,2026-08-19 08:56:26+00:00
0f7d3de5-af47-4e13-b775-dd18cbb6a30c,30643,abandoned_checkout,customer_abandoned,cust_repeat_74,6,0,848,0,710198,179,,537,upi,True,recovered,30643,2026-08-19 08:58:21+00:00
813ed830-124e-4137-9b10-3cad8177ae9e,952544,failed,otp_timeout,cust_af32d9bd1bbc6972,0,0,3,2,240107,,,127,netbanking,True,recovered,952544,2026-08-19 09:15:27+00:00
d192bfae-177f-4baa-a2a1-b7a14571c653,426046,failed,otp_timeout,cust_repeat_125,5,2,234,0,176884,190,24,28,netbanking,True,recovered,426046,2026-08-19 09:20:55+00:00
b3f8771a-0dd4-4995-96c3-c084825a8b61,1575822,succeeded,,cust_1038094a7f66fff6,3,4,228,1,304948,348,161,168,card,False,not_recovered,0,2026-08-19 09:46:01+00:00
366152df-c47f-41e8-b6a5-d9edad278f63,54733,failed,network_error,cust_57bcb8070e3b815e,0,0,59,0,95643,,,33,card,True,recovered,54733,2026-08-19 09:56:00+00:00
b8c9bc9f-89a8-4586-89ac-3ae023e0adec,1186853,failed,insufficient_funds,cust_7728da23ddbb6ab0,0,0,10,1,193352,,,335,upi,True,recovered,1186853,2026-08-19 10:06:33+00:00
a5593231-677a-4b95-8238-87c04378a049,1341907,failed,insufficient_funds,cust_b293400f818b2ad6,0,0,51,0,90753,,,262,upi,False,not_recovered,0,2026-08-19 10:35:52+00:00
a567d506-3e8f-47ef-8d93-613db798ef46,640124,succeeded,,cust_repeat_31,7,0,647,10,362941,132,,98,netbanking,False,not_recovered,0,2026-08-19 10:36:25+00:00
23e1ed0c-d708-4f60-8dce-08d9e7abed99,1082723,failed,card_declined,cust_e68dbeea77b53f0c,0,0,0,1,237130,,,167,card,False,not_recovered,0,2026-08-19 12:36:59+00:00
0044eb13-6143-434b-8261-d3beb7997878,259207,abandoned_checkout,customer_abandoned,cust_5bfd214935f589b5,0,2,28,0,211274,,147,138,upi,False,not_recovered,0,2026-08-19 12:59:26+00:00
b4f1fe49-e622-4d49-ac92-366172e29515,842479,succeeded,,cust_6026e15029028cc2,0,1,15,2,221279,,10,149,upi,False,not_recovered,0,2026-08-19 13:35:46+00:00
b3c0427e-6414-448b-8d81-f643cb3a993d,1102349,failed,insufficient_funds,cust_907aa76177ca5e02,0,0,4,1,110907,,,46,netbanking,True,recovered,1102349,2026-08-19 15:06:12+00:00
cce7fedf-3dcb-4fc4-a346-abae4e54240e,1270043,succeeded,,cust_180f7e6182b0c658,0,0,20,0,64190,,,41,netbanking,False,not_recovered,0,2026-08-19 15:32:45+00:00
8e218382-0348-4329-9732-aa6259c51d76,1445313,succeeded,,cust_46788c0c0c870cb4,0,1,21,0,239452,,138,130,upi,False,not_recovered,0,2026-08-19 16:13:07+00:00
b1dfb6a4-022f-43e1-be6c-237a9c6c2c67,53181,failed,insufficient_funds,cust_9464c79f05a3d519,0,0,16,1,285887,,,99,upi,True,recovered,53181,2026-08-19 17:03:23+00:00
0ccce21e-4593-4ed0-90f9-6be78ddcc42b,861011,succeeded,,cust_repeat_152,8,2,686,5,696320,170,16,53,card,False,not_recovered,0,2026-08-19 18:09:01+00:00
dfbf34b2-6c63-44da-8d85-66b8213bba43,1426954,failed,card_declined,cust_72a4c71804dc52e5,0,0,31,0,164922,,,100,netbanking,True,recovered,1426954,2026-08-19 18:14:46+00:00
4c249b85-dea5-4098-ac9c-2fb63faa4d55,1842820,abandoned_checkout,customer_abandoned,cust_992957ab466f5fbc,0,0,31,2,75375,,,273,card,True,recovered,1842820,2026-08-19 18:36:41+00:00
d615787d-7909-4958-bb1e-af553eac032b,214093,failed,card_declined,cust_repeat_148,2,0,185,5,254878,359,,103,netbanking,True,recovered,214093,2026-08-19 19:43:48+00:00
3a93410a-be38-4c35-a397-5673110bae9a,1712662,abandoned_checkout,customer_abandoned,cust_repeat_99,2,0,173,4,133270,101,,409,upi,False,not_recovered,0,2026-08-19 20:04:47+00:00
b9ccc2af-3ccb-4993-a1e0-c07d877d0202,170502,failed,otp_timeout,cust_ade5861e02ecac6c,0,0,0,0,141389,,,78,netbanking,True,recovered,170502,2026-08-19 20:59:19+00:00
2c6297ea-74d4-41ef-ae24-609ef4d673e7,1935527,succeeded,,cust_0f6457d086f71d6c,0,0,52,0,286709,,,104,upi,False,not_recovered,0,2026-08-19 21:18:12+00:00
e23e57a4-d76f-49cf-81fa-a75b62233de5,1559939,failed,insufficient_funds,cust_41e52ca32529bf99,0,0,9,1,41479,,,124,card,True,recovered,1559939,2026-08-19 22:07:26+00:00
0d29aa73-4d12-4f17-8b10-83ffe1db22c4,673662,failed,insufficient_funds,cust_repeat_58,2,0,204,1,438880,246,,399,card,True,recovered,673662,2026-08-20 00:36:55+00:00
1e50a95f-0812-4d98-b9c1-73a1e1b4e056,73057,abandoned_checkout,customer_abandoned,cust_397cda9b656479a7,0,1,22,0,213212,,107,587,card,True,recovered,73057,2026-08-20 01:37:10+00:00
9dc36182-9e8d-448d-8c68-f33b97127a0a,928762,abandoned_checkout,customer_abandoned,cust_772a077021721a27,0,0,42,1,264496,,,279,netbanking,False,not_recovered,0,2026-08-20 01:50:44+00:00
2b3aed8d-f8a8-44c2-a437-58b6f630bccc,241037,failed,insufficient_funds,cust_repeat_164,3,0,71,4,486448,86,,361,netbanking,True,recovered,241037,2026-08-20 02:29:20+00:00
a8f3df92-6e2f-4a4e-8ae8-7f5c4500706e,912998,abandoned_checkout,customer_abandoned,cust_repeat_19,10,0,553,10,770905,111,,303,upi,True,recovered,912998,2026-08-20 02:52:51+00:00
4a914674-d9e7-48cb-b13d-9facdcd75fd0,1187256,abandoned_checkout,customer_abandoned,cust_9e3516d49e9ac56e,10,5,1178,10,603174,109,18,551,card,False,not_recovered,0,2026-08-20 04:36:58+00:00
8f35144e-2447-40d1-a039-ba5f53317c7c,943465,abandoned_checkout,customer_abandoned,cust_ab29955b73647f0b,0,0,36,2,203415,,,538,netbanking,False,not_recovered,0,2026-08-20 04:48:21+00:00
dfcd0957-27d0-419b-b622-a7ade2c97732,1974544,succeeded,,cust_repeat_195,10,0,242,7,85706,15,,78,netbanking,False,not_recovered,0,2026-08-20 05:28:05+00:00
b7e4e10e-af0f-4417-8b00-7febcd500b49,1504470,failed,card_declined,cust_abcdd76bd82e4ac1,0,0,7,2,68112,,,396,upi,False,not_recovered,0,2026-08-20 05:48:37+00:00
a581c2f2-ace5-40ba-9aa1-5079869e61ca,995915,succeeded,,cust_8cabdda4b86f982e,3,3,371,6,493854,187,131,59,card,False,not_recovered,0,2026-08-20 06:15:24+00:00
25269227-c76e-4d4c-8dac-e281909ca769,1828316,succeeded,,cust_1ce30008bf5855f9,0,0,44,2,216610,,,138,upi,False,not_recovered,0,2026-08-20 06:16:36+00:00
364e9a1f-5aef-47c9-8030-e7397773a266,1032346,failed,insufficient_funds,cust_62e9737a4fd5ba7f,0,1,42,1,203931,,17,67,netbanking,True,recovered,1032346,2026-08-20 07:24:20+00:00
a5fc0c69-cd4a-4982-92b3-5218a75e616b,656574,succeeded,,cust_repeat_58,4,0,75,1,463882,433,,91,upi,False,not_recovered,0,2026-08-20 08:02:24+00:00
a9f36eba-6363-4578-a2b0-90911c959a6f,83888,failed,insufficient_funds,cust_fccdd55b77c28226,0,1,43,2,18515,,160,138,upi,True,recovered,83888,2026-08-20 08:14:53+00:00
77be4bfb-b5c4-43cb-b3e6-6536c360c78d,927712,succeeded,,cust_45470bc99db708bb,0,2,51,1,188315,,149,115,card,False,not_recovered,0,2026-08-20 09:07:08+00:00
6dec7686-576e-42ca-b022-294f188ed2dd,1352487,failed,insufficient_funds,cust_89ef5a0957485690,0,0,17,0,51951,,,252,netbanking,False,not_recovered,0,2026-08-20 09:10:38+00:00
09500c9f-f7ba-4474-9850-ba48791c7b47,270291,failed,network_error,cust_51fb7c1b32f2d17c,0,0,26,0,174829,,,147,upi,False,not_recovered,0,2026-08-20 09:28:32+00:00
d5889ece-b7af-4d7c-aef9-c8d87109e7f7,1330502,failed,insufficient_funds,cust_ef5cbf3ac9715178,0,0,41,2,19837,,,348,upi,False,not_recovered,0,2026-08-20 09:56:38+00:00
d952a5bb-6f0a-4982-b526-34b206d615fb,548344,failed,card_declined,cust_32c1a70c81f0794a,0,0,7,2,246259,,,369,card,False,not_recovered,0,2026-08-20 12:14:55+00:00
47c1b04a-198c-414e-8751-f75cf9947847,1035576,succeeded,,cust_283f5d6852546753,0,0,36,1,22483,,,33,upi,False,not_recovered,0,2026-08-20 12:47:01+00:00
9c5c1897-bda4-4b49-b0cc-5c87727d3385,1774835,succeeded,,cust_037ce716e36fc9a5,0,0,46,2,32117,,,170,netbanking,False,not_recovered,0,2026-08-20 13:41:42+00:00
d19b73c7-c9f7-4cad-9ee9-e4b868fb80aa,717014,failed,otp_timeout,cust_repeat_126,9,2,991,11,730609,197,90,103,upi,True,recovered,717014,2026-08-20 13:50:02+00:00
a6010cb4-bab4-48e9-a18f-4f308c5a5d5b,1553383,failed,otp_timeout,cust_repeat_121,8,0,901,0,529442,73,,357,netbanking,True,recovered,1553383,2026-08-20 14:56:56+00:00
b6b08e38-4584-4f22-b5bb-400f130de833,106310,succeeded,,cust_c3b60bc9386e9de1,0,0,48,2,261580,,,34,netbanking,False,not_recovered,0,2026-08-20 18:09:11+00:00
fc00c099-3337-467c-a248-1cf4fa9e7edb,841999,failed,network_error,cust_592d32b81c5f01c6,0,0,48,0,74350,,,96,netbanking,False,not_recovered,0,2026-08-20 18:48:41+00:00
3e01f24c-f410-449c-bd2d-7ebf1a353aa1,1032114,failed,card_declined,cust_repeat_154,10,0,1196,7,64627,153,,106,card,True,recovered,1032114,2026-08-20 19:07:15+00:00
a48073bb-8f95-4186-9fdd-67986e9f27e3,262252,failed,network_error,cust_0867e2ac1f0ad5d0,0,0,20,2,210283,,,151,card,True,recovered,262252,2026-08-20 22:25:46+00:00
23bfdb08-e056-47ea-9da3-fb41c838d393,1148256,failed,network_error,cust_d932320d3f3e19d6,0,0,49,0,248356,,,302,upi,True,recovered,1148256,2026-08-20 22:35:48+00:00
22653fa3-84fa-4cc9-babc-04a7825855bc,751528,succeeded,,cust_repeat_183,3,0,55,6,263454,491,,32,upi,False,not_recovered,0,2026-08-20 23:01:03+00:00
58af7620-e356-4a53-9b43-30110033bd41,706709,abandoned_checkout,customer_abandoned,cust_aead49a6fa5ca9f7,0,0,24,1,156958,,,462,upi,False,not_recovered,0,2026-08-20 23:18:40+00:00
851f5fd7-62c8-4425-b968-e9e8e773fc32,362663,failed,network_error,cust_bbe5d3d9d6f2261c,0,0,60,2,97393,,,377,card,True,recovered,362663,2026-08-20 23:22:49+00:00
c017e625-f84b-492b-88a9-2d3cdbabb44d,128952,failed,network_error,cust_06f20307404783c0,2,3,267,4,197188,274,134,293,upi,False,not_recovered,0,2026-08-20 23:26:51+00:00
11ad0c51-4db1-4bc2-918c-57ac955f8419,1665113,failed,insufficient_funds,cust_repeat_0,8,0,535,11,63700,102,,310,upi,False,not_recovered,0,2026-08-20 23:44:47+00:00
a448d22e-7810-4bab-b84b-3fff2a83a97e,968189,failed,otp_timeout,cust_7c1c169ec99e5d91,10,3,654,2,697486,116,24,389,netbanking,False,not_recovered,0,2026-08-21 00:08:44+00:00
16625e89-1194-4875-ad55-6f6da9d38752,127179,succeeded,,cust_301393d40707dc4b,0,0,18,2,128428,,,128,netbanking,False,not_recovered,0,2026-08-21 01:02:04+00:00
8ad8dc4d-7fde-4f10-a1c2-a13fa61d8d79,487282,succeeded,,cust_fe31a26f3e2f636f,0,0,36,1,15034,,,178,upi,False,not_recovered,0,2026-08-21 02:03:55+00:00
67c6c033-85ec-40e7-96e2-39a062cb46a4,59118,failed,insufficient_funds,cust_repeat_151,6,0,1032,3,338706,186,,236,netbanking,False,not_recovered,0,2026-08-21 03:19:34+00:00
5a17f2c7-09dd-423f-8a61-8b48c959ca47,315206,abandoned_checkout,customer_abandoned,cust_c387ec7100f7f998,0,0,29,1,142461,,,377,upi,False,not_recovered,0,2026-08-21 03:28:08+00:00
e0355c41-ed6f-4ea1-85b6-d4502d9a9a8c,404167,failed,otp_timeout,cust_repeat_175,6,0,843,9,127022,38,,256,card,True,recovered,404167,2026-08-21 03:36:32+00:00
ecdd8810-a3fe-4eda-9865-b158738b6846,1587984,succeeded,,cust_bd8de4c7c2b92b11,0,0,28,0,259234,,,72,netbanking,False,not_recovered,0,2026-08-21 03:50:42+00:00
7caee52f-e48d-483a-98b2-4417c1ee987b,764840,succeeded,,cust_47303b11fac9b0a3,0,0,0,2,177803,,,165,card,False,not_recovered,0,2026-08-21 05:09:17+00:00
adf74677-4826-4958-91a5-832b9e034d66,688728,succeeded,,cust_335e56c060fc9ef1,0,2,36,2,15540,,108,153,upi,False,not_recovered,0,2026-08-21 05:41:47+00:00
1d8687c0-d302-4eca-85ae-8ae80ba018b0,1514289,failed,otp_timeout,cust_repeat_31,6,0,1014,4,551675,123,,243,card,True,recovered,1514289,2026-08-21 06:54:50+00:00
12c63249-6c74-4cf5-b0e5-fea2eda63246,1779179,succeeded,,cust_106cdbf97f78e28b,0,2,4,2,213636,,59,42,card,False,not_recovered,0,2026-08-21 07:09:20+00:00
5d4d4538-b9e6-4281-a346-0cd4ee39a672,212447,succeeded,,cust_7464b83845d74d43,0,0,16,1,177472,,,81,upi,False,not_recovered,0,2026-08-21 08:01:54+00:00
a4742f21-4e0e-47d8-9a61-92bd9c8ebdbc,1422009,succeeded,,cust_repeat_184,3,4,329,6,38863,382,19,121,netbanking,False,not_recovered,0,2026-08-21 08:20:36+00:00
f5a0ecac-6daa-427f-a079-a5ce1035ac74,1097523,succeeded,,cust_c8b8dbb7ab24a743,0,0,45,2,259423,,,167,upi,False,not_recovered,0,2026-08-21 09:53:25+00:00
f6504f00-43da-48ee-958a-4c7adcc1bdaf,1534537,failed,card_declined,cust_72cee29ac9e97e03,0,1,18,2,194939,,51,366,netbanking,False,not_recovered,0,2026-08-21 10:21:13+00:00
7756bdfa-d5c7-4492-89b1-f026bfb7345f,1577531,failed,otp_timeout,cust_repeat_15,4,0,33,6,170291,238,,322,card,True,recovered,1577531,2026-08-21 10:56:36+00:00
726c4908-ac72-4961-a276-343846f8822d,1254718,failed,network_error,cust_repeat_111,5,0,506,8,753286,48,,132,netbanking,True,recovered,1254718,2026-08-21 11:31:58+00:00
1cfaeeb0-f507-4c55-8e28-fc008b74027a,703730,failed,network_error,cust_f6d8663d2404df94,0,0,44,2,257524,,,266,upi,False,not_recovered,0,2026-08-21 12:06:50+00:00
c3c778f7-e95b-409e-9da3-5aa425178a76,898302,succeeded,,cust_a485ed03241b4d41,6,3,1100,5,61832,92,54,93,netbanking,False,not_recovered,0,2026-08-21 12:14:13+00:00
678e7af8-9d79-420b-8376-a20bbec14a58,104766,succeeded,,cust_4ead1ace6a968563,0,0,36,1,154985,,,115,card,False,not_recovered,0,2026-08-21 13:50:11+00:00
b40fbc1b-5b4d-474d-910d-7dc9775f5c77,268289,failed,network_error,cust_1c8113013dec38f4,0,0,44,0,14878,,,174,upi,True,recovered,268289,2026-08-21 14:21:00+00:00
ffc4a186-bd28-4fef-8046-7026eebefb3d,441161,succeeded,,cust_31093fad861f53ee,0,0,43,0,232478,,,177,netbanking,False,not_recovered,0,2026-08-21 14:28:51+00:00
8555044a-a9c8-4379-a656-3af1bf02d662,1776040,failed,card_declined,cust_8d1aa0964dd96447,0,0,16,2,209756,,,71,card,False,not_recovered,0,2026-08-21 14:30:29+00:00
c41afc4b-d90a-4ec5-9f49-8ee0a5dbcde3,90638,succeeded,,cust_09a05396a724e877,0,0,39,1,183335,,,78,card,False,not_recovered,0,2026-08-21 14:49:38+00:00
be2a42ff-f045-426c-b061-a5ae84a457ad,23123,abandoned_checkout,customer_abandoned,cust_9b772743aa260aaf,2,3,134,4,347093,348,109,246,netbanking,False,not_recovered,0,2026-08-21 15:03:41+00:00
f8d203ea-8f6d-4ea0-8ff0-30fa28c824a0,940749,abandoned_checkout,customer_abandoned,cust_9cf578e3d4054756,0,0,30,1,162062,,,356,netbanking,True,recovered,940749,2026-08-21 15:28:08+00:00
b5df0a58-fc98-4d18-8e4e-4f2778eac571,1294156,failed,card_declined,cust_repeat_148,8,0,855,3,742221,91,,76,netbanking,True,recovered,1294156,2026-08-21 16:04:18+00:00
bc195c4c-e651-402a-8d63-6aa7e2abf04f,1361090,succeeded,,cust_8fc85f7e407fc743,0,1,46,1,204423,,134,95,netbanking,False,not_recovered,0,2026-08-21 16:50:58+00:00
43fe8442-4962-4b01-939f-e13ae5dfe9fc,502038,failed,insufficient_funds,cust_293a50a1edd80f0a,0,0,36,1,214630,,,185,netbanking,False,not_recovered,0,2026-08-21 18:08:29+00:00
2a826240-f0fd-49eb-a11b-d7500cc6f078,68034,abandoned_checkout,customer_abandoned,cust_d2497b491c4c0ee1,3,3,168,0,450103,356,28,401,netbanking,False,not_recovered,0,2026-08-21 18:31:19+00:00
a3fb2a86-e452-4a3d-b2d5-bea13bbd0973,1046983,succeeded,,cust_e1c0a92df8c71108,0,0,14,2,140569,,,141,card,False,not_recovered,0,2026-08-21 19:14:31+00:00
d56a1bae-2981-45db-ac4e-65a3194343e3,655724,failed,network_error,cust_2731338adfceed2a,0,0,17,0,219246,,,397,card,True,recovered,655724,2026-08-21 19:38:50+00:00
b76f03d7-84cc-4669-8007-534a006e838e,1583482,abandoned_checkout,customer_abandoned,cust_repeat_43,8,0,1028,8,248775,158,,102,upi,True,recovered,1583482,2026-08-21 20:23:13+00:00
90145706-dc11-4455-b96a-40120a2922eb,964638,succeeded,,cust_406a893057f7b2dd,0,0,59,1,270519,,,152,upi,False,not_recovered,0,2026-08-21 20:43:14+00:00
02f6986e-7e12-4916-876f-f529258fd7fb,291550,succeeded,,cust_1a19197666b68a3c,0,0,14,2,84142,,,56,card,False,not_recovered,0,2026-08-21 21:48:45+00:00
46774190-a8d3-418b-b03d-2c461c4a9c5c,1034722,succeeded,,cust_5c2ec8eb03323f70,0,0,36,2,261395,,,100,netbanking,False,not_recovered,0,2026-08-21 21:50:15+00:00
c88527a6-6d24-4901-bc3d-1d90f122badb,1319598,succeeded,,cust_cac9e3fe81214e3c,0,2,33,2,117062,,124,56,upi,False,not_recovered,0,2026-08-21 23:10:15+00:00
2a145d3d-5988-4929-ab00-3bb324f4593e,1816071,succeeded,,cust_844eff1a95d57bb8,0,1,44,0,155887,,66,167,card,False,not_recovered,0,2026-08-22 01:30:27+00:00
8981af30-0e9c-4cdc-a896-f43d01bfa318,1387516,failed,otp_timeout,cust_8f1ba8252b2d822a,0,2,27,1,152406,,5,311,netbanking,False,not_recovered,0,2026-08-22 01:36:00+00:00
44dd6327-af8e-4fca-b201-c2e5ad17eaca,1232654,abandoned_checkout,customer_abandoned,cust_repeat_89,9,0,701,9,108160,96,,407,upi,True,recovered,1232654,2026-08-22 01:53:21+00:00
de492356-4fec-4c6f-8280-392897458330,638507,succeeded,,cust_773703c68fd246ff,0,0,50,2,139867,,,171,card,False,not_recovered,0,2026-08-22 01:54:32+00:00
52f587b7-416a-42a3-9674-cac10cb97c37,810199,succeeded,,cust_repeat_133,6,0,544,6,776055,85,,179,card,False,not_recovered,0,2026-08-22 01:57:18+00:00
4255ce31-b1b5-4666-b94e-19ddee2ea08f,1843310,abandoned_checkout,customer_abandoned,cust_e04d42f8ac2acaf1,0,2,4,2,133087,,162,354,card,False,not_recovered,0,2026-08-22 02:42:02+00:00
7fb2360f-8947-4611-a4db-765b35a74397,308234,failed,network_error,cust_repeat_132,7,1,218,4,478916,1,16,306,upi,True,recovered,308234,2026-08-22 03:31:11+00:00
f81a63d2-bb2f-4af1-af2f-5dac1b224bcc,995583,abandoned_checkout,customer_abandoned,cust_820dca9a1bf06803,0,0,50,2,57585,,,564,upi,False,not_recovered,0,2026-08-22 03:55:01+00:00
7c1dbcec-2c7e-44e8-b9d4-25be4e625088,29476,failed,otp_timeout,cust_repeat_30,8,0,315,11,520905,19,,137,upi,True,recovered,29476,2026-08-22 03:55:19+00:00
407e9eb0-309c-4af7-a8c3-3813d9fcc291,12538,succeeded,,cust_d397817e4cfa9bed,0,0,40,2,40102,,,178,upi,False,not_recovered,0,2026-08-22 04:17:35+00:00
70efc216-1902-45f3-8b37-902dbebccce2,747115,abandoned_checkout,customer_abandoned,cust_repeat_46,3,0,229,0,407881,144,,538,netbanking,False,not_recovered,0,2026-08-22 05:04:01+00:00
41b63248-f62f-42cb-a158-65be78260cbc,274860,abandoned_checkout,customer_abandoned,cust_0921c027d8f56eb0,0,2,10,2,257286,,104,591,netbanking,True,recovered,274860,2026-08-22 06:31:51+00:00
bcca28cc-6cf2-4d33-ac8e-0c6ed3849315,995385,failed,otp_timeout,cust_bfd1d689518d2faa,0,0,32,0,298609,,,245,card,True,recovered,995385,2026-08-22 07:10:14+00:00
c143f41b-fb9e-406d-a208-a9771477fc15,844614,abandoned_checkout,customer_abandoned,cust_ddc24829264ac29d,0,0,54,2,135114,,,119,card,False,not_recovered,0,2026-08-22 07:33:18+00:00
182f4580-f310-4c2b-b8c3-438be2b4f411,1792835,failed,otp_timeout,cust_af987069323ff516,10,4,901,13,369820,149,61,157,card,False,not_recovered,0,2026-08-22 07:47:28+00:00
06fa8594-5153-4798-a37f-de89542f9555,589222,failed,insufficient_funds,cust_a8f11d1721eb3c6a,0,0,4,0,146188,,,343,netbanking,False,not_recovered,0,2026-08-22 08:29:35+00:00
0523139e-25e2-4f50-b138-75f827fb3ebb,1965379,succeeded,,cust_b0a0c9367df14821,0,1,57,0,282503,,106,125,upi,False,not_recovered,0,2026-08-22 09:04:54+00:00
38df6b87-9441-46c2-8dfd-3688eb48cf0d,888782,failed,insufficient_funds,cust_e8a34c37e1556099,0,0,60,0,46781,,,371,card,True,recovered,888782,2026-08-22 09:14:23+00:00
63bf6e72-aa6d-412e-8292-3a596118634e,433604,failed,insufficient_funds,cust_repeat_66,6,2,360,8,695591,11,125,30,card,False,not_recovered,0,2026-08-22 10:12:54+00:00
0b21d5fd-d5bf-4bd0-8e26-a52b83bf0c40,1916046,abandoned_checkout,customer_abandoned,cust_255d9e4a8759a6c0,0,0,8,1,142909,,,86,netbanking,True,recovered,1916046,2026-08-22 10:31:58+00:00
35670147-8a74-44d3-90d3-f31d3adc4941,446642,failed,otp_timeout,cust_945e2e4cc4bcb08c,0,0,30,0,21825,,,359,card,True,recovered,446642,2026-08-22 11:17:40+00:00
73c3c730-f61f-4a61-a6a8-d6d89aaeea2e,1095369,succeeded,,cust_6da90984f51063e7,0,0,50,2,214451,,,95,card,False,not_recovered,0,2026-08-22 11:38:22+00:00
6a34ffbf-b0a6-4dc6-8d08-1c00538bdd88,1643386,abandoned_checkout,customer_abandoned,cust_73bfaa63a7c41b89,0,0,12,2,133489,,,247,upi,False,not_recovered,0,2026-08-22 13:27:12+00:00
95fff8af-79d9-4a1a-a402-5ec37b8dbdb7,269321,failed,network_error,cust_9558605d27f3a093,0,1,23,1,65611,,83,98,card,False,not_recovered,0,2026-08-22 13:33:17+00:00
d5c2e1a2-4517-44f1-a418-6e40298b59c2,1917302,succeeded,,cust_17ce0497ca491bb7,0,0,48,2,232777,,,95,netbanking,False,not_recovered,0,2026-08-22 15:46:23+00:00
dc94cf5b-89cf-43ee-8a71-415a3634407e,546437,succeeded,,cust_repeat_142,7,0,181,8,381038,89,,169,netbanking,False,not_recovered,0,2026-08-22 15:53:45+00:00
b986c2b7-5b2a-435c-bcfc-16499339d9fe,721879,failed,otp_timeout,cust_9ec6368500595fa5,0,0,18,0,219450,,,390,netbanking,True,recovered,721879,2026-08-22 16:37:56+00:00
23424985-3c1d-4aea-9087-995549d830cb,1634878,succeeded,,cust_repeat_54,8,0,217,8,509684,45,,130,upi,False,not_recovered,0,2026-08-22 17:15:27+00:00
e08ba0ed-5cb6-4bbf-9e60-2c18f3b7c4ed,402545,failed,network_error,cust_repeat_105,10,1,277,0,299069,48,102,157,upi,True,recovered,402545,2026-08-22 17:47:06+00:00
4d74bac2-5522-4273-b79e-987542e50dd7,1886122,succeeded,,cust_repeat_92,5,2,283,6,534889,6,106,48,upi,False,not_recovered,0,2026-08-22 19:05:22+00:00
c669f300-97cd-4c1a-88e7-fc17f9df2e48,1754951,failed,otp_timeout,cust_060ec50b8ace2a01,0,2,27,1,214437,,109,157,card,True,recovered,1754951,2026-08-22 21:59:13+00:00
3d77f395-d2ba-4809-81b5-e704b2324c0d,840023,succeeded,,cust_repeat_117,7,0,189,1,500547,160,,174,card,False,not_recovered,0,2026-08-22 22:38:43+00:00
875e2086-212f-4aea-be8c-d5ebf868e0cc,1585813,succeeded,,cust_repeat_65,2,0,130,3,460556,220,,166,card,False,not_recovered,0,2026-08-22 22:57:13+00:00
73e1627a-48fe-4d49-b4b1-a5f765727c3d,376805,succeeded,,cust_repeat_16,8,0,847,0,270108,63,,158,upi,False,not_recovered,0,2026-08-22 23:20:00+00:00
40de3da9-be6b-4a99-9d79-d5329d50fa90,1123004,failed,otp_timeout,cust_29b2ca28ac99d8a4,0,0,52,0,13095,,,35,upi,True,recovered,1123004,2026-08-22 23:28:22+00:00
3ba86c52-fa26-40a0-be57-c89d58601e20,1942985,succeeded,,cust_repeat_32,4,0,167,3,336765,325,,169,card,False,not_recovered,0,2026-08-22 23:40:57+00:00
6812fc87-2f75-4f8b-b38e-84808723003c,1581584,abandoned_checkout,customer_abandoned,cust_d2f5ae3914a17afd,0,0,11,2,207337,,,368,netbanking,False,not_recovered,0,2026-08-23 00:52:39+00:00
dda81a82-6aba-4794-b7a7-6b87d8a256e8,371735,failed,insufficient_funds,cust_342e27b9ea4325ea,0,0,27,2,138014,,,274,card,True,recovered,371735,2026-08-23 02:03:34+00:00
ea3be6b3-8744-465d-9bde-c5a472e17434,497876,succeeded,,cust_46833057a148ff5a,0,0,31,2,195653,,,86,upi,False,not_recovered,0,2026-08-23 02:16:06+00:00
6c01b566-d7d4-49bd-ac0e-aeabc62a22eb,977428,failed,otp_timeout,cust_3201477cf04bea7b,0,0,19,1,151784,,,357,card,True,recovered,977428,2026-08-23 03:01:02+00:00
c7dc94f3-3b63-43a2-987a-bc5e56136470,1357489,failed,otp_timeout,cust_repeat_58,4,0,76,4,212087,461,,397,upi,True,recovered,1357489,2026-08-23 03:38:29+00:00
254a34b1-380b-42e6-a9b7-45eb4676c6c7,1153586,failed,network_error,cust_2254a56fb0acd3c6,0,0,12,0,263452,,,320,netbanking,True,recovered,1153586,2026-08-23 06:03:19+00:00
35752ee9-7689-4687-af46-a1d2ce40b9ad,1091896,failed,card_declined,cust_ad734f8644aa3e82,0,0,44,2,106603,,,185,netbanking,False,not_recovered,0,2026-08-23 06:12:32+00:00
27622763-9984-467f-a8f0-b080c1fbb0b1,1840648,abandoned_checkout,customer_abandoned,cust_e18eea82edfaa621,0,0,47,1,120169,,,533,netbanking,True,recovered,1840648,2026-08-23 06:44:41+00:00
69524fa2-3039-4255-b462-b22e03245c0b,1963454,failed,card_declined,cust_repeat_82,7,0,1019,6,90953,195,,238,netbanking,True,recovered,1963454,2026-08-23 08:21:22+00:00
b7e32579-45d5-4616-a9af-bedb8dfb8eb8,700656,succeeded,,cust_0b6caf4d6b1e0b26,0,0,26,0,227793,,,144,card,False,not_recovered,0,2026-08-23 08:28:21+00:00
c5cb3954-fc99-4b3e-811e-8e2277d6a1ed,1703041,succeeded,,cust_cba1cacf45659518,0,0,1,0,42117,,,132,card,False,not_recovered,0,2026-08-23 09:20:55+00:00
4d193148-19e5-4f3a-bbfc-8da20aceeced,688537,failed,network_error,cust_91998e85e1e4b98a,0,0,9,2,261879,,,307,upi,True,recovered,688537,2026-08-23 09:44:00+00:00
dac724e8-4b25-40b9-a103-7096a71605d8,1967518,failed,network_error,cust_d84078c71d48cf4e,0,0,36,2,45730,,,237,card,True,recovered,1967518,2026-08-23 10:07:20+00:00
18660712-7a45-400b-8918-c650abae0cd7,937063,failed,insufficient_funds,cust_3c9e101c67b7620d,0,0,0,0,186746,,,118,netbanking,True,recovered,937063,2026-08-23 10:24:00+00:00
38fba79a-ee97-482d-b1e9-23bcfe30fa41,1292674,failed,card_declined,cust_repeat_72,7,2,1006,5,741959,33,95,309,upi,False,not_recovered,0,2026-08-23 10:27:15+00:00
cebaa9a1-d9c7-4b9a-ace1-cc2d2146b573,948779,failed,network_error,cust_repeat_163,4,0,237,6,23407,91,,120,upi,True,recovered,948779,2026-08-23 10:43:50+00:00
c6873726-de4d-4558-bf57-32a96e2905f1,152507,failed,otp_timeout,cust_9279c13f801ad86a,0,1,8,0,117077,,141,395,upi,False,not_recovered,0,2026-08-23 11:22:56+00:00
02ec944e-e056-43e5-af74-bd0d59d532e2,410103,failed,network_error,cust_repeat_38,8,0,388,11,450311,129,,333,upi,True,recovered,410103,2026-08-23 11:26:14+00:00
fe2afdc1-6ac1-4e38-a4af-fe38719b79fa,664680,failed,card_declined,cust_431c07d757b3a542,0,1,52,1,195652,,103,67,card,True,recovered,664680,2026-08-23 11:57:35+00:00
a0836b98-03e4-4538-8fef-35a62e4d7cae,822371,failed,otp_timeout,cust_6082404f1d3b5f7f,0,0,3,1,97216,,,326,netbanking,True,recovered,822371,2026-08-23 12:19:33+00:00
5c620106-fd17-4447-8dc5-dada270372be,625542,abandoned_checkout,customer_abandoned,cust_5c4076c919f922d7,0,2,54,1,126690,,9,294,card,True,recovered,625542,2026-08-23 12:51:23+00:00
ba0835b9-67da-4c9f-9c66-211d482647cd,308475,failed,insufficient_funds,cust_ec1550cb7a825024,0,0,28,0,174493,,,309,upi,True,recovered,308475,2026-08-23 14:39:11+00:00
a18de781-d9a3-4a7b-988d-e5375f26a26e,719617,succeeded,,cust_repeat_35,2,0,153,5,227432,346,,151,netbanking,False,not_recovered,0,2026-08-23 17:04:27+00:00
78203062-2a1a-4a55-a469-d4e0fafc950c,226111,succeeded,,cust_repeat_153,7,0,1070,3,717209,127,,140,upi,False,not_recovered,0,2026-08-23 17:59:43+00:00
eef472c1-1000-4486-84ee-3bcd3cb20c54,1460416,abandoned_checkout,customer_abandoned,cust_33adfa936a8baee0,0,0,29,2,41996,,,547,upi,False,not_recovered,0,2026-08-23 19:36:22+00:00
302d0cd8-e3ab-4540-9ed4-b36d25c58dae,1710432,succeeded,,cust_repeat_81,5,0,729,4,466316,76,,39,card,False,not_recovered,0,2026-08-23 20:01:19+00:00
78e49965-72a8-455a-9720-7aa19fa952ba,1216603,succeeded,,cust_1e62f03cd37079c3,0,0,11,2,298104,,,54,upi,False,not_recovered,0,2026-08-23 20:19:46+00:00
0c43bd48-c6af-4825-a45f-10b558711d82,987080,failed,insufficient_funds,cust_f0cc873a13c842a0,0,2,60,0,245283,,12,78,upi,True,recovered,987080,2026-08-23 20:37:14+00:00
97c4b14f-b834-4d3a-9d4e-e28ef22c535f,1161543,succeeded,,cust_repeat_154,6,2,755,8,236899,168,117,117,upi,False,not_recovered,0,2026-08-23 20:45:54+00:00
d04bda79-9e8d-4765-a0e6-0fe5e35e6855,1110106,succeeded,,cust_d3647bea69232af1,0,0,19,0,250153,,,124,upi,False,not_recovered,0,2026-08-23 22:00:19+00:00
13c8f367-93ff-4763-91ef-8b6a5ac18023,304643,succeeded,,cust_repeat_147,7,1,1164,2,161315,11,145,97,card,False,not_recovered,0,2026-08-23 23:13:37+00:00
960f98e9-5403-421e-92eb-375eec3277ce,1712403,failed,card_declined,cust_repeat_143,10,2,866,5,148168,106,91,360,upi,False,not_recovered,0,2026-08-24 00:03:40+00:00
4577e9ae-328e-4d74-9376-919794fbd96a,1031992,failed,otp_timeout,cust_repeat_88,3,0,130,2,44611,154,,160,upi,True,recovered,1031992,2026-08-24 00:26:34+00:00
81afd64b-e53e-4a56-a382-86fd83de6147,533169,failed,insufficient_funds,cust_87d6f3564734c186,0,2,27,0,19259,,158,122,card,True,recovered,533169,2026-08-24 00:37:58+00:00
cb05d2e7-e8c9-48e0-a150-b3e7029a2f13,1237477,succeeded,,cust_9166f6c3b5cdcc00,0,1,37,1,203577,,107,115,card,False,not_recovered,0,2026-08-24 00:45:15+00:00
d38d5419-5757-4e12-ba66-1ae482d8a1be,910237,succeeded,,cust_789695a7c9c41aa1,0,0,52,1,242958,,,100,netbanking,False,not_recovered,0,2026-08-24 01:36:18+00:00
f1f97d63-0216-45aa-b79c-5319cb72a4fb,1509866,succeeded,,cust_648b26b1023a9c3f,0,2,50,1,288185,,165,45,netbanking,False,not_recovered,0,2026-08-24 03:09:31+00:00
2b575553-16c8-428d-96a3-a2918d965562,1644143,failed,insufficient_funds,cust_b0296f86160df26f,0,0,38,0,70382,,,94,upi,True,recovered,1644143,2026-08-24 03:35:27+00:00
8f783547-8fe2-4f89-87a2-bb5cc90a791f,57022,failed,network_error,cust_8d22ff6e45cb6619,0,1,45,0,44580,,124,63,upi,True,recovered,57022,2026-08-24 03:45:43+00:00
6d92edfb-30e0-426e-90bd-b630421001a9,1155073,succeeded,,cust_ef542e196161a9cf,0,0,2,1,110193,,,103,upi,False,not_recovered,0,2026-08-24 04:18:16+00:00
f9483c20-0ef6-4301-8ff8-c7769b0280f7,20833,succeeded,,cust_repeat_162,10,0,362,3,114979,85,,70,netbanking,False,not_recovered,0,2026-08-24 05:31:53+00:00
434a1ddd-d1f1-4830-81f7-59edb46a4b5c,1286225,succeeded,,cust_4d8554fa2e18b843,0,0,22,2,163956,,,125,upi,False,not_recovered,0,2026-08-24 07:08:19+00:00
3d89c7b8-1309-4512-bd47-dcf1b8d17624,367003,failed,insufficient_funds,cust_5ae40fda058250bf,0,2,0,2,266013,,64,261,card,False,not_recovered,0,2026-08-24 07:21:56+00:00
6516eb73-8cf4-4ca1-8801-e436c6d468b4,441093,failed,otp_timeout,cust_817ff2e06f60d341,0,0,18,0,204546,,,284,card,True,recovered,441093,2026-08-24 07:28:25+00:00
10af633f-e408-4bec-bb37-175612a21da3,1110112,abandoned_checkout,customer_abandoned,cust_c8e092af70cece7c,0,2,11,1,29172,,150,463,card,False,not_recovered,0,2026-08-24 07:30:28+00:00
f27fad0b-e6cc-42e6-8597-2b98eaff637e,1616369,failed,otp_timeout,cust_f475417315ea1718,0,0,1,1,195249,,,296,netbanking,True,recovered,1616369,2026-08-24 07:52:56+00:00
75f67e67-9195-4f71-b715-19974e4789df,1632677,succeeded,,cust_fe6133261b5467b5,0,0,13,0,254033,,,156,upi,False,not_recovered,0,2026-08-24 08:27:41+00:00
bf4091e6-eb13-4824-ac27-848b49ae72e4,23084,abandoned_checkout,customer_abandoned,cust_b371d20443ce9a6e,0,0,18,0,244362,,,304,card,True,recovered,23084,2026-08-24 09:03:16+00:00
0ad9f672-49c8-478f-a176-3e2b83c0928c,1084806,failed,network_error,cust_30d3e0f66274915f,0,0,37,1,162531,,,112,upi,True,recovered,1084806,2026-08-24 10:07:38+00:00
5b0ae2b6-064b-414b-9bca-53d661bfee6a,1812421,succeeded,,cust_2ad3737f8ab18431,9,3,648,12,136319,28,157,56,netbanking,False,not_recovered,0,2026-08-24 11:06:08+00:00
e51d8a82-b762-48c3-a744-181408204b6c,970510,failed,otp_timeout,cust_9587fb914b9e5595,0,2,53,0,90470,,42,141,card,True,recovered,970510,2026-08-24 12:03:19+00:00
8c5f5894-1ce6-4d53-b135-fc6428661996,1091460,failed,card_declined,cust_repeat_23,6,4,305,6,350808,156,120,395,card,False,not_recovered,0,2026-08-24 12:21:55+00:00
22b3411a-2ae8-4431-b69b-e728d34ea54e,1894820,failed,network_error,cust_repeat_63,5,0,186,2,195922,63,,203,card,True,recovered,1894820,2026-08-24 12:32:17+00:00
4eec1108-561f-462b-9a93-5c6034480bc3,1007187,succeeded,,cust_35b95e50eedcf78b,0,0,21,2,262999,,,132,upi,False,not_recovered,0,2026-08-24 13:14:47+00:00
163d1938-ca85-4392-bbc3-289bcb8c3d16,1059026,failed,otp_timeout,cust_a57e201dfc2d830e,0,0,52,1,41345,,,169,upi,True,recovered,1059026,2026-08-24 13:30:21+00:00
3fd78e0d-204e-4350-9ca3-1920e2f5d3eb,454310,abandoned_checkout,customer_abandoned,cust_repeat_69,4,1,87,1,202794,303,119,474,upi,False,not_recovered,0,2026-08-24 14:30:03+00:00
1b01b8ff-a74c-4a95-bd06-566126aea831,582253,succeeded,,cust_8840a801563b1ff7,0,1,56,0,189447,,49,178,card,False,not_recovered,0,2026-08-24 15:47:25+00:00
cf9a28aa-70a8-44fb-be07-7cab28f56452,395375,abandoned_checkout,customer_abandoned,cust_repeat_95,7,0,203,10,439861,27,,528,netbanking,True,recovered,395375,2026-08-24 16:44:42+00:00
4e7caed6-fc42-4d3c-a602-33e566a89c62,87856,succeeded,,cust_e3e772af3d185c28,0,0,28,1,55908,,,136,upi,False,not_recovered,0,2026-08-24 17:01:05+00:00
7b5263fc-230f-4146-9eb1-f2cb5c5adda7,1246586,failed,insufficient_funds,cust_repeat_187,4,2,354,5,21916,56,165,279,upi,True,recovered,1246586,2026-08-24 17:54:25+00:00
65883b30-1a45-480c-b695-11b6c4a128d6,776797,failed,network_error,cust_f1818449ac9225bb,0,0,8,0,178161,,,139,netbanking,True,recovered,776797,2026-08-24 18:31:51+00:00
1d1baefe-2257-43a3-920f-f48f4f510936,1543632,succeeded,,cust_8e227f291a0fefad,0,0,51,1,164464,,,104,card,False,not_recovered,0,2026-08-24 18:50:32+00:00
a10683c0-bd1b-413e-83b0-a33c1915e451,583680,succeeded,,cust_e954a031afb4ac0d,0,1,20,2,217375,,46,113,netbanking,False,not_recovered,0,2026-08-24 19:45:54+00:00
cf3b34c6-1cee-495a-bed3-65b4cfa9a239,1010147,succeeded,,cust_850df10ab4808ffa,0,0,30,2,102609,,,102,card,False,not_recovered,0,2026-08-24 20:59:28+00:00
cd2c3e9e-a952-4c13-a723-b856a4b4ebdf,105079,failed,network_error,cust_ad94ae1d04d672b8,0,0,45,0,112852,,,26,upi,True,recovered,105079,2026-08-24 21:16:20+00:00
bf74950b-93d4-463d-869f-b247ee305f3c,1569701,succeeded,,cust_8d26e6dfb1529c40,0,0,12,0,115238,,,44,card,False,not_recovered,0,2026-08-24 21:28:10+00:00
2c00405a-303e-460c-a780-c9fa0e9ded20,1811672,failed,network_error,cust_9a4415d5c7164c8b,4,3,256,5,131748,147,3,333,netbanking,False,not_recovered,0,2026-08-24 21:32:37+00:00
47dd22d9-3965-4ac1-86d5-3da83b1f6553,1286754,failed,network_error,cust_repeat_112,6,0,693,6,622049,146,,136,card,True,recovered,1286754,2026-08-24 21:33:04+00:00
9edd7721-d40a-46a5-a35d-aa88c9ebf99b,1081712,failed,otp_timeout,cust_76abe0fe73563aaa,0,0,2,2,176876,,,245,netbanking,True,recovered,1081712,2026-08-24 21:51:42+00:00
495cfcb1-0eb0-4211-80a7-44f809339e71,28651,succeeded,,cust_4b4fa0bc1850e5f2,0,0,25,0,108643,,,82,upi,False,not_recovered,0,2026-08-24 21:59:46+00:00
e8236371-332e-4ee7-95ca-af3b656838b5,933941,abandoned_checkout,customer_abandoned,cust_repeat_113,8,0,1117,3,602176,2,,287,netbanking,True,recovered,933941,2026-08-24 22:07:18+00:00
b6072dbe-4b7e-40d8-9c32-3e7f0d3c5c74,1216235,failed,network_error,cust_626dfbf5cd80a7cd,0,0,41,1,272875,,,127,card,True,recovered,1216235,2026-08-24 23:00:37+00:00
32c5e0f4-3457-46f4-aed1-2ea2c26ed92c,1327728,failed,insufficient_funds,cust_repeat_83,7,0,198,9,320799,171,,223,card,False,not_recovered,0,2026-08-24 23:03:31+00:00
a6d4a8fa-2b85-4d52-bd58-998feb913493,229624,succeeded,,cust_repeat_96,4,1,310,1,485875,71,87,153,netbanking,False,not_recovered,0,2026-08-24 23:53:26+00:00
487f6948-64c6-4481-a163-0af09973dccb,789971,failed,network_error,cust_433f90088211e562,0,0,53,2,163846,,,311,card,False,not_recovered,0,2026-08-25 00:09:14+00:00
27373eac-164e-4eeb-8141-63d18b2ef000,883714,abandoned_checkout,customer_abandoned,cust_ec64f26a6cfd4b46,0,2,27,2,274214,,122,113,upi,False,not_recovered,0,2026-08-25 00:48:12+00:00
d5acd6c5-723e-4ef5-ac2f-887f52989894,1588612,failed,otp_timeout,cust_fdc0c9bb9943bf7e,0,0,42,2,92492,,,242,upi,False,not_recovered,0,2026-08-25 00:54:39+00:00
3d4c4dbb-a8c3-49ac-9a30-ff22e8698b42,67711,failed,network_error,cust_2538b57ad14762ae,0,0,7,1,251300,,,204,upi,True,recovered,67711,2026-08-25 01:33:53+00:00
951f9e27-184e-43f1-a6e9-03f73014ba91,1931413,failed,otp_timeout,cust_723b2d79954dd62b,0,1,56,1,121288,,5,323,netbanking,True,recovered,1931413,2026-08-25 01:48:01+00:00
b6b97172-bd1f-42e0-aec3-8e6d74701b36,942618,failed,insufficient_funds,cust_18a2cfce0c6d74d6,0,0,7,0,45317,,,90,card,True,recovered,942618,2026-08-25 04:27:55+00:00
5c3213d6-bad1-47b7-b2d9-228a694bcb5c,1899907,abandoned_checkout,customer_abandoned,cust_repeat_168,4,0,274,5,314721,186,,122,netbanking,True,recovered,1899907,2026-08-25 04:38:53+00:00
1d197aea-d554-4247-8614-bf10d2409dd3,1052031,abandoned_checkout,customer_abandoned,cust_2cf9691f61e3eec3,0,0,40,2,111347,,,383,netbanking,False,not_recovered,0,2026-08-25 06:14:35+00:00
b3c0b8cb-f1b4-42f1-9ab1-6317bf9ef59c,811968,failed,network_error,cust_repeat_100,7,0,911,8,133565,116,,134,netbanking,True,recovered,811968,2026-08-25 06:59:56+00:00
895142df-e65f-4ea3-867c-f95596c25c39,672766,succeeded,,cust_be76d5fcbebbb4ad,0,0,20,2,211417,,,168,upi,False,not_recovered,0,2026-08-25 07:29:26+00:00
039890de-cc6d-49d9-90b3-ece07562ed72,1863468,failed,network_error,cust_dea0c6a207d2765a,6,3,821,1,675669,25,8,265,upi,False,not_recovered,0,2026-08-25 08:00:39+00:00
783b672f-f5cf-4cdd-a0f3-332f48f10337,85610,succeeded,,cust_4b38b5a3f3554fc8,0,0,14,0,248238,,,76,card,False,not_recovered,0,2026-08-25 10:59:34+00:00
4a78f6f0-6916-4f85-9f65-c0b8193ba50f,302956,failed,otp_timeout,cust_d617528716267702,0,0,58,0,68740,,,280,upi,True,recovered,302956,2026-08-25 11:00:23+00:00
ab8720e1-bca7-489f-ab1a-e3c1319f0566,996182,succeeded,,cust_706223853eb54570,0,0,54,1,100069,,,99,netbanking,False,not_recovered,0,2026-08-25 11:51:43+00:00
b292e383-7fc3-48fa-b983-f9c6b4f95794,772791,succeeded,,cust_2b878bcb34796881,0,0,55,2,255051,,,36,netbanking,False,not_recovered,0,2026-08-25 12:34:24+00:00
6f44d693-cb47-4dc0-a536-d6f70a973029,1574794,abandoned_checkout,customer_abandoned,cust_b1323a5aad5ee5c1,0,1,5,0,243382,,71,79,card,True,recovered,1574794,2026-08-25 12:50:51+00:00
9c50bea2-4d33-4072-9290-68987a3df152,1416309,failed,insufficient_funds,cust_624e70d797a9528d,0,0,1,2,222416,,,227,upi,False,not_recovered,0,2026-08-25 14:41:41+00:00
7a8888dc-e963-486c-a6de-eabcb99d77e7,1046218,abandoned_checkout,customer_abandoned,cust_2ce33ded405a3a6c,0,2,48,1,98754,,111,513,card,True,recovered,1046218,2026-08-25 17:39:40+00:00
18ec35b1-06de-48c4-a372-ae9db57e9990,1509634,succeeded,,cust_d54f209663ea31e5,3,4,355,2,308158,476,58,118,netbanking,False,not_recovered,0,2026-08-25 19:32:17+00:00
757c4a38-0e16-47f1-852c-906d25a41416,1867711,failed,otp_timeout,cust_b938abd9e623ca5c,0,1,14,1,258207,,164,391,card,True,recovered,1867711,2026-08-25 19:55:43+00:00
422ce040-066f-4f5b-99fd-85e54effe551,311103,abandoned_checkout,customer_abandoned,cust_b9aa01a9116fce7f,0,2,19,0,207922,,25,461,card,True,recovered,311103,2026-08-25 20:37:59+00:00
a2e3eb30-3b0d-4bf2-ac2b-0c6565d62cee,923022,failed,card_declined,cust_1e04f45181170693,0,2,53,0,117424,,43,77,upi,True,recovered,923022,2026-08-25 21:17:53+00:00
e1273541-8a9e-424a-9b15-b1663c0113eb,261878,succeeded,,cust_7940d866aa69669e,0,0,6,2,243209,,,62,netbanking,False,not_recovered,0,2026-08-25 21:20:31+00:00
01e16f6e-77f8-4ca3-88d4-fbb94c61e945,1875132,failed,network_error,cust_0891cb9b4a6be0fc,0,0,0,1,146818,,,220,card,True,recovered,1875132,2026-08-25 21:36:41+00:00
c15d8cb1-2ed3-47c5-af9b-5db18de6f384,1256876,failed,insufficient_funds,cust_cd42b6d00aefa013,0,0,15,1,81597,,,190,netbanking,False,not_recovered,0,2026-08-25 21:38:29+00:00
d0245fae-3770-4395-b3c7-b31580e7c59c,480412,succeeded,,cust_repeat_186,3,0,130,5,201909,279,,147,netbanking,False,not_recovered,0,2026-08-25 21:47:07+00:00
449e4fb4-4fe5-4296-90cf-945007a300c3,662407,failed,otp_timeout,cust_18d55c3e2b3c05a4,0,0,32,2,211321,,,371,upi,True,recovered,662407,2026-08-25 22:29:54+00:00
43c7fc30-d928-407e-920f-e92c908775b6,121256,failed,insufficient_funds,cust_813a4e733e55c928,0,2,55,1,182102,,108,312,card,False,not_recovered,0,2026-08-25 22:34:19+00:00
76025242-71fe-4824-a3c5-023f74383c90,1245117,succeeded,,cust_9450c15a73f4a27b,0,0,10,1,56517,,,115,upi,False,not_recovered,0,2026-08-25 22:43:24+00:00
54189cb4-e8aa-4f44-a604-d800837491f6,513309,succeeded,,cust_4e2b788704e7a985,0,0,3,1,91703,,,96,netbanking,False,not_recovered,0,2026-08-26 03:22:07+00:00
be17a26e-6437-45c7-962f-cfdd21bfb8d0,946548,abandoned_checkout,customer_abandoned,cust_repeat_129,6,0,642,6,659601,126,,110,netbanking,False,not_recovered,0,2026-08-26 03:55:03+00:00
4e7d18cf-be17-4d9a-b93e-c63a4630835f,1510156,abandoned_checkout,customer_abandoned,cust_dda789c1954ed79c,0,0,6,0,56196,,,400,card,True,recovered,1510156,2026-08-26 04:01:36+00:00
87eee951-55c7-44ed-a5ab-8e5b682f475a,103707,succeeded,,cust_a35755ade7c55dc0,0,2,39,2,113454,,116,139,upi,False,not_recovered,0,2026-08-26 06:48:56+00:00
9d9cd41d-7bfc-4494-b21e-b3aa416540bf,1849003,succeeded,,cust_repeat_149,6,0,1200,0,161933,78,,148,netbanking,False,not_recovered,0,2026-08-26 06:58:51+00:00
9a965121-5c74-4788-9f30-f6628af8043a,1673489,failed,network_error,cust_532b056f96f79a1a,0,0,7,0,161934,,,24,upi,True,recovered,1673489,2026-08-26 07:27:02+00:00
833143f4-7b41-4882-a527-94c19bb1c9bf,1622096,succeeded,,cust_3e831228e0f401c8,0,0,44,0,182926,,,130,netbanking,False,not_recovered,0,2026-08-26 07:41:06+00:00
d2475965-8a13-431c-afd0-bf36da2783b0,1953147,failed,network_error,cust_repeat_11,8,0,591,7,292763,178,,357,netbanking,True,recovered,1953147,2026-08-26 07:48:47+00:00
37e67be0-f33a-479b-a0a1-41fe01d08042,694753,failed,insufficient_funds,cust_f9bda4c9486e9444,0,2,11,0,76681,,14,160,card,False,not_recovered,0,2026-08-26 07:53:22+00:00
4f308488-c991-4542-bb37-07c430d0fd45,707649,failed,insufficient_funds,cust_a5b0cd1264825e18,0,0,12,2,275009,,,229,card,False,not_recovered,0,2026-08-26 08:14:36+00:00
344fe811-dccb-4028-9a5d-975964030c33,1058544,succeeded,,cust_repeat_92,3,0,384,4,498494,226,,65,card,False,not_recovered,0,2026-08-26 08:17:39+00:00
6d6575d5-4a38-477e-a8bc-dd2afe52beb4,513512,failed,insufficient_funds,cust_31274e521a3778c1,0,0,34,0,172793,,,101,card,True,recovered,513512,2026-08-26 08:35:45+00:00
ed4d85c5-cc01-4908-953d-0f6e153e7d0a,140253,failed,otp_timeout,cust_514a26f66e169599,0,2,54,1,245171,,74,301,netbanking,True,recovered,140253,2026-08-26 11:54:02+00:00
